dataset,objects,features,labels,ch_btw,ch,db,dunn,ii,sil,xb,knn,nb,rf,lr,lda,mlp,agglo_average_ami,agglo_average_nmi,agglo_average_vm,agglo_average_arand,agglo_complete_ami,agglo_complete_nmi,agglo_complete_vm,agglo_complete_arand,agglo_single_ami,agglo_single_nmi,agglo_single_vm,agglo_single_arand,birch_ami,birch_nmi,birch_vm,birch_arand,dbscan_ami,dbscan_nmi,dbscan_vm,dbscan_arand,hdbscan_ami,hdbscan_nmi,hdbscan_vm,hdbscan_arand,kmeans_ami,kmeans_nmi,kmeans_vm,kmeans_arand,xmeans_ami,xmeans_nmi,xmeans_vm,xmeans_arand,kmedoid_ami,kmedoid_nmi,kmedoid_vm,kmedoid_arand,ensemble_classifiers
ecoli,336,7,8,0.704538204123624,81.17586891377672,1.5753319569903166,0.0759820280213078,0.029481318741462897,0.23824073141143282,1.3754916418748826,0.8570676031606673,0.865891132572432,0.8690079016681299,0.8719929762949956,0.8569798068481124,0.800395083406497,0.7073963528876512,0.7209628788428488,0.7193088191325678,0.7448672490337441,0.666398104506664,0.6808321897988332,0.679068370938904,0.6921566208662709,0.12656356260589505,0.24455763669917321,0.21438804288110802,0.06297317284872392,0.6546448720448185,0.6628867658439633,0.6525425380367972,0.6845284495492424,0.48150936658965476,0.4964866569317959,0.5539282152341414,0.4930286615412308,0.4169552155023818,0.4169552155023818,0.4169552155023818,0.41281536490974446,0.6140229479085028,0.6309501880463552,0.6534897578735012,0.694865254976147,0.560033707409499,0.6457902888337134,0.5206841952755863,0.5400122748800957,0.5924394025760514,0.6041770507644776,0.6041547642258424,0.6767697357152564,0.8719929762949956
orbit_classification_for_prediction_nasa,1748,11,6,-0.06302457123482348,0.736500193824994,21.495491828504367,0.03816136303551919,0.0030187745708387796,-0.03630415651113841,327.64407848788574,0.8466819484240687,0.8449660253786329,0.9965648792468276,0.8449660253786329,0.913622595169873,0.8713237822349569,0.001290376897223731,0.020304658011207472,0.015304652946028596,0.0018315587601942245,0.0015340297470365434,0.020611390055608397,0.01555975588302472,0.00497702748809928,-0.0008139940428374903,0.013420122270916985,0.008801854350093452,-0.000999499827052199,0.00036734989864954816,0.0042630007283054,0.00504747521593309,0.006214098016372463,0.012686346829944437,0.06681349620198988,0.05235394046473605,0.014140497673933087,0.009361138547666455,0.009131668672177842,0.009706789854037732,0.008889628282106165,0.0027329097638919978,0.023926727143914858,0.017962469299747114,0.00015550710502630014,0.0035860016571860583,0.04625377560450749,0.031726941971278594,0.0005697902194649068,0.0036930364196955377,0.023412857259657846,0.017685739102264616,0.001294513685415009,0.9965648792468276
skillcraft1_master_table_dataset,3338,18,7,0.03363633796624228,0.7662063387154114,6.217567371269853,7.87862885648866e-06,5.7282927892954426e-08,-0.30507491702605183,58790.61767805054,0.3840531829893436,0.3684928493836914,0.40562263778290497,0.24266040632378422,0.39483746150876653,0.24206160392857465,0.07874779814152182,0.08597912446473122,0.08558182238999873,0.036532612517943715,0.08220473637801458,0.08989786786079473,0.08986612448091603,0.0304653249605361,0.009066807172471538,0.043416187851830025,0.022244037149670156,0.000665629157654377,0.0,0.0062068988315452656,0.0004923170622242749,0.0,0.0,0.0062068988315452656,0.0005938103443087982,0.0,0.02090801520236252,0.02090801520236252,0.02090801520236252,0.009104206536795782,0.0722313389244715,0.08653961860440938,0.07901060538873826,0.04154104783398281,0.10457229136767313,0.11989150687425347,0.12090302049015292,0.036141759969549124,0.10750210529494723,0.11710110210501475,0.11490918697306411,0.05298819172312509,0.40562263778290497
breast_cancer_coimbra,116,9,2,0.07686148071649293,1.0369059682669155,7.976503305025995,0.005650111168867876,0.0003778664195906683,-0.01837287547084334,27.191478116794272,0.561231884057971,0.5521739130434782,0.7166666666666667,0.6036231884057971,0.6463768115942029,0.5858695652173913,0.03810210617209809,0.06540137589242737,0.05014772007223832,-0.006157229167788182,0.017322162158654154,0.03779077391904421,0.03602988468205677,0.0022345963162942067,0.05145000033575976,0.0895184600897782,0.08151903355772346,0.0002152767859175862,0.0293297766169394,0.032315811865969775,0.03099745273433511,0.0013932107973836792,0.03810210617209809,0.3645912828774493,0.24617636675962257,0.010316724894386783,0.0020183137561091387,0.03810210617209809,0.03810210617209809,0.0039736347046864925,0.014711421190215035,0.028683687493755005,0.03047487722646376,-0.0037464052266448513,-0.003213437971079827,0.034888030009160374,0.035692232400780725,-0.004641509670035628,0.00017132962348884913,0.017147382118229755,0.015744343753754605,0.0003555973811510041,0.7166666666666667
breast_tissue,106,9,6,0.42649605861321566,6.7256374291450625,3.6991878681518675,0.00898608675347655,0.0013584120128218122,-0.19374074161535115,6396.837171677377,0.5852813852813853,0.6415584415584416,0.6887445887445887,0.4147186147186147,0.6783549783549783,0.593939393939394,0.2850784886842392,0.4335317260255989,0.4329053572256214,0.1617317294372079,0.290261071793416,0.4346168647791468,0.4340458788218732,0.16258234996018248,0.2422050844128628,0.38549766155225546,0.3851296016236588,0.1074476150533125,0.0865299858515835,0.18131560569188213,0.12685290867980598,0.00501900815855794,0.1035190709057852,0.19070694846970726,0.18859275972144462,0.007850582927115443,0.3736821786940767,0.3736821786940767,0.32613515435682255,0.32613515435682255,0.3208841896312918,0.4590681836352461,0.4552897382809367,0.1841852146136054,0.29583907476814864,0.41617020274439015,0.4166630298405489,0.1536485671351821,0.36242247003196826,0.47484610884699674,0.47162531679545355,0.23065538269407065,0.6887445887445887
glass_identification,214,9,6,0.46459679428141337,19.702066747613255,3.736323726892524,0.01669093089545648,0.00010845936130274838,-0.0914414288348677,48.77929659518024,0.640531561461794,0.48139534883720936,0.7104097452934662,0.4395348837209303,0.607530454042082,0.5517165005537099,0.4431596561660919,0.5045274495972085,0.5025142941151814,0.29659804529324485,0.36699910582687845,0.43259110275364965,0.4322121231889141,0.2403064520588681,0.3174776685279393,0.4109857222851067,0.39483174621074935,0.19065710061249275,0.14665202592279908,0.19986937054331108,0.16875557203099867,0.0,0.44683649511474766,0.4883727938907364,0.4344248749998562,0.2855748430726042,0.39014399909758235,0.39014399909758235,0.39014399909758235,0.39014399909758235,0.37063118201495576,0.40957233040707736,0.40840289913909694,0.22245887923847593,0.3227940284901203,0.3869482260334016,0.3622836379894924,0.22721766569469085,0.32222756914142814,0.35710928169365014,0.3365394575686016,0.23088641534795648,0.7104097452934662
breast_cancer_wisconsin_original,683,9,2,0.9445888192371094,912.2008733349974,0.7960116817197849,0.11354005629317374,1.2898018012356978,0.5715237293475506,0.16982283705550824,0.9678617432374409,0.9692893945899528,0.9619901245169601,0.9649098325461573,0.9575998282524688,0.9561507084585659,0.6765879088163662,0.6770760479777492,0.6769614672995417,0.7817305098400614,0.6201710919395109,0.6349599554147578,0.6212026516462289,0.7539289189887606,0.008636268610977863,0.040976005289400916,0.02202833952707462,0.012608445285407523,0.7172904000922989,0.7174634366195645,0.6944571455499191,0.8594890759811677,0.7515816218377368,0.7519554672794122,0.74641105091775,0.8470296366609593,0.6813962428548574,0.6813962428548574,0.6813962428548574,0.680964914349614,0.7475405677426026,0.7478452752196444,0.7478287711382022,0.8464675664733539,0.6381514477327084,0.7259427147988925,0.7328146461160719,0.6517968857476425,0.7409149494979187,0.7412313789192385,0.7412109484638824,0.8409964902047339,0.9692893945899528
hiva,3076,1617,2,0.08518218122436522,6.406082722495336,8.283043531952519,0.04120428217151646,1.641958183962375,0.0580072394817262,16.256472381442798,0.967166613873931,0.9567595818815331,0.9691167775314117,0.9684658430999896,0.9453864428254672,0.965215922289093,-0.0005744013146739856,0.0024540702509235116,0.001961980944986827,-0.0012318023240755272,0.016749583539539422,0.024707455698383948,0.018399428064080854,0.0610762933733273,-0.000488938387404171,0.0012306426879112851,0.0006973598186274048,-0.000621382743416641,0.005810582322938948,0.008074215947115522,0.005216210748030205,0.007895928167774537,8.53348435020049e-05,0.13764999566445815,0.03719037714941786,3.382118538737375e-07,0.007835978390584548,0.009286123542842908,0.007490043747416296,0.0046320916029183885,0.009960209318552214,0.019645432453683626,0.01085692533647472,0.007895562111168958,0.008778264063341519,0.02229847047036466,0.010276114351623171,0.004222727591208087,0.0007253183970452609,0.0029552066304094904,0.001142404144899806,-0.0013174300546738545,0.9691167775314117
wireless_indoor_localization,2000,7,4,0.9749258884855592,1750.5520784785053,0.9260022724737993,0.17616606585441386,0.04331771627550951,0.3900200260985158,0.27926265987123944,0.9795,0.9814999999999999,0.9785,0.9800000000000001,0.9705,0.9804999999999999,0.8773897957198178,0.8781321157355974,0.8776476159423032,0.8930460819103073,0.8770282810837704,0.8778049080367335,0.8772864571929715,0.8850142101329441,0.034074645705245474,0.07706947173866399,0.04383770940589707,0.0016337413741199553,0.7682420823177585,0.8015877980967993,0.7962425243057448,0.6890978647480478,0.6024930190441273,0.5826518600347923,0.603771702990715,0.4275005372362474,0.5919996679818217,0.5919996679818217,0.6291444128865336,0.5919996679818217,0.887153045701267,0.8873387130154684,0.887336953628026,0.8868188434710614,0.7916599414006505,0.8327756303640959,0.7916952157064275,0.8197648680039876,0.9175046608538638,0.9176388843217748,0.9176388630520712,0.9382588658208512,0.9814999999999999
pima_indians_diabetes_database,768,8,2,0.2989719483221971,24.29910805622087,4.427473994795733,0.00492828380414043,0.0007518071849907349,0.10426011347558613,7.161777026307479,0.7552584670231729,0.7513368983957219,0.7748068924539513,0.7617774382480265,0.7682964094728801,0.7396146337322808,0.0190418893922639,0.02572469118347786,0.0248451212932263,0.04849293448494472,0.03578060607812738,0.04089156544742112,0.039765204381476536,0.08722039240891472,0.002967291195722421,0.02919150463538823,0.01503452694802548,0.00431365558264059,0.03524020513319081,0.037273332459674374,0.031474705101414716,0.08973566403092109,0.03964689199746206,0.057554387765850056,0.05996871508710909,0.07195247072767616,0.04217299951913878,0.04217299951913878,0.039108241275838465,0.015549540696985335,0.06489890054502986,0.07448115128797889,0.06767344941230272,0.07438695547529088,0.07147286759144234,0.09098667282787344,0.0733295374138869,0.05685111250054174,0.06619890758909437,0.07535886281643087,0.06838980379258278,0.04914236082165225,0.7748068924539513
sentiment_labeld_sentences,2748,200,2,0.1466065842464939,11.651717570167337,14.660853325391008,0.0,0.0038051918081489088,0.004967732502028031,58.91385817220032,0.6983268753104819,0.7372518628912073,0.7438065904951151,0.7448955125020699,0.7357973174366618,0.7441702268587516,0.005945826596907082,0.010895920169619497,0.00821696841860622,0.00015108411051608167,0.007772616739315794,0.013051439810237203,0.009818374775763214,0.0003955015177080321,1.8749942113005488e-05,0.011923840660793024,0.0035653251463150363,2.6179321577268477e-05,0.03146847017136652,0.03805532592231441,0.0322617540317343,0.003241456132940904,0.04979365278345035,0.2371426216624713,0.13849184597185454,0.003767830507330345,0.05865974118189123,0.05020721183147624,0.05020721183147624,0.04236467961916302,0.04442822186234943,0.027481563230383928,0.01909660917909561,0.021125195097092157,0.0259652226116815,0.015086677455527395,0.012424719464522537,0.003126861381796634,0.0,0.0,0.0,0.0,0.7448955125020699
diabetic_retinopathy_debrecen,1151,19,2,0.2253568087239517,29.066354289774587,5.520442355052149,0.004818014965427736,0.001065823657830218,0.0249776756278566,9.844956207235306,0.667227555053642,0.6081347637869378,0.6785243741765481,0.7071748541313758,0.7202597402597403,0.6836965932618106,0.008776999623710011,0.02172971202742284,0.014149038513789106,-0.001058998027646875,0.0255840492208902,0.026843416157977324,0.026839780376533895,0.01626793273674216,0.00032696177477895683,0.019080644433860764,0.008168219705656402,0.000459942090404677,0.03671656964475981,0.038850651482567534,0.03806426708831413,0.036189741681591024,0.025199018249573595,0.060401408952153866,0.054911000305560856,0.0302087104175091,0.0468925579472784,0.0468925579472784,0.0468925579472784,0.04169910013086388,0.032576881621355205,0.037719792943738624,0.034372312287074866,0.019382117005991812,0.0345061224212994,0.056910042033294625,0.041998570884211106,0.013481761705447348,0.022439126171309595,0.026727030731656783,0.024218544794643422,0.02041541199519172,0.7202597402597403
optical_recognition_of_handwritten_digits,3823,64,10,0.932258779914384,322.0856375775516,2.0358848027550724,0.43089893542940455,0.16138409893531225,0.17409701389125326,1.4208366391449738,0.9840440748725319,0.9322513089005235,0.9769831981658283,0.9670441090921533,0.9516093488006023,0.9727960852752968,0.8224541898559291,0.8247714144704223,0.8237997952826672,0.7249107872280871,0.7079465570334874,0.7198430819492271,0.7114771404493787,0.5414703267946341,0.0011336242543154758,0.04605342817414762,0.01622846929650338,9.137772750421697e-06,0.5377191489683993,0.5882080761903835,0.5383838055481232,0.29048055670636147,0.4015418846995226,0.6251568689895991,0.5624592514418765,0.05874064435815305,0.7732995118781925,0.7732995118781925,0.7732995118781925,0.7732995118781925,0.7996547526653507,0.7942526544038911,0.8008381895378311,0.7457158920616342,0.7217176126521503,0.7174363389329047,0.7257062884217665,0.6298765340051269,0.7017598637850981,0.7107727364086414,0.7035363248707772,0.6384250436147537,0.9840440748725319
iris,150,4,3,0.9543574008519142,486.3208569649,0.7517427969525099,0.428945857408497,0.3380865264750164,0.5032507032257659,0.22692901680624508,0.9866666666666667,0.9533333333333334,0.96,0.9333333333333333,0.9866666666666667,0.9733333333333334,0.8032287370935427,0.8057536711305497,0.8056936912153354,0.7591987071071524,0.7184641371994777,0.7224215140354535,0.7220663465703585,0.64225125183629,0.7315847607219582,0.761170259722288,0.733680436651211,0.5681159420289854,0.8032287370935427,0.8057536711305497,0.8056936912153354,0.7591987071071524,0.7315847607219582,0.761170259722288,0.733680436651211,0.5681159420289854,0.7315847607219582,0.7315847607219582,0.7315847607219582,0.7315847607219582,0.7551191675800482,0.7582057278194193,0.758175680005778,0.7302382722834699,0.6722074590821877,0.6811279811473192,0.6823251485256457,0.5899614762984191,0.7829561199671795,0.7856963190683124,0.7856651817981656,0.7583384522539414,0.9866666666666667
mnist64,1082,64,6,0.8808908083488072,156.67548581195857,1.8244012643578253,0.4935530105546728,0.3735291879996148,0.20464042560146736,1.0030816278484724,0.9879928315412186,0.9445468509984639,0.9685825226147806,0.9639699607441543,0.9408346134152585,0.9473630312339989,0.9182665293916384,0.9207167324478258,0.919202116538742,0.9027508732803253,0.7346832776645053,0.7522057787012796,0.7379106788114493,0.6114348525428627,0.7916796816451476,0.8008082848282797,0.7953852619114395,0.5701348395228134,0.6999234322460365,0.7401441229342117,0.7065992307943088,0.5298642586871265,0.3633949423036267,0.5610285479486141,0.4788017582695325,0.14512518479855635,0.9265179658492892,0.9265179658492892,0.9265179658492892,0.9265179658492892,0.8059776791760968,0.7918277706448772,0.7947287927614861,0.7798539055263574,0.7576491345919086,0.7667498113575971,0.7596800155862402,0.693721839574488,0.7069366976729424,0.7139712687283774,0.7097159645851758,0.6343312484110873,0.9879928315412186
harbermans_survival,306,3,2,0.26333784848447556,8.36034515577258,4.725836847244283,0.0,0.0009192600675768748,0.05972195075999602,7.077405187291281,0.7745637228979375,0.7516129032258065,0.7418826017979906,0.7418826017979905,0.748281332628239,0.7418826017979905,0.06885357070535614,0.08055295872017296,0.0793906375240836,0.1655132676763485,0.022543593010093285,0.0323574096714878,0.030474467314748115,0.03324669921621902,0.016895827599087455,0.060039186248492124,0.04397350782400153,0.025793175054291812,0.030331659544687188,0.06439373243041137,0.06205628548562704,0.05597222528427537,0.02622810344914107,0.03868252554326215,0.020957536375426078,0.13100402921323276,0.06815981056429629,0.06815981056429629,0.06815981056429629,0.062329907181046154,0.023145105687456383,0.03772492847544953,0.02970283392153018,0.05224185241067293,0.016678564464249583,0.022766111598555322,0.02039265461915459,0.009211650076326131,0.05623449749440793,0.06260668987609554,0.0601289684241977,0.0783093182195987,0.7745637228979375
user_knowledge_modeling,258,5,4,0.7144724453257748,27.99802998071051,3.124954068429893,0.29548352043829035,0.049600724419809235,0.049211826062820756,3.2100693292131455,0.8097285067873303,0.8719457013574662,0.9496229260935143,0.9458521870286576,0.9419306184012066,0.8914027149321267,0.33498632124949324,0.3703533558069933,0.35894998252224225,0.2500569894510205,0.30789545118735623,0.3322419522049345,0.32396798550683603,0.22185045254438324,0.05377258375435423,0.13715671500330712,0.12054191984875366,0.02937133758200295,0.4452750329628124,0.5020666124249241,0.4440483294726859,0.3747079065679382,0.18437976217399085,0.49041698552890745,0.4012337999268281,0.021447245808449308,0.22135022689069744,0.2146706985966929,0.20980414993639687,0.20980414993639687,0.4060814267106946,0.42990499075786826,0.4095988413947538,0.3518840013825921,0.21152067930582863,0.220382957985992,0.18507282751603732,0.1418447742980742,0.19039950866396896,0.220532733557731,0.21374099028751514,0.13634832028630622,0.9496229260935143
seeds,210,7,3,0.9461138768448466,310.42836010486764,0.8123078814159506,0.05115480071897395,0.05737356049701172,0.41450829256985333,0.2725947132102509,0.9047619047619048,0.9047619047619048,0.8714285714285716,0.8857142857142858,0.9619047619047618,0.8952380952380953,0.7125656350131799,0.715099976343785,0.7150972523886896,0.7441752360248659,0.611916079722688,0.625116915136124,0.6177877288485712,0.5461350277628221,0.49788339347535465,0.5213377231845134,0.5192282406699409,0.002549653529200636,0.7204569783414511,0.7229283884456552,0.7229224653459521,0.7126547081911886,0.4878861568431326,0.5043181789955522,0.4942688900350466,0.36799259887926117,0.4758847404934265,0.4758847404934265,0.4758847404934265,0.4758847404934265,0.6922160128787076,0.6949265763820526,0.6949250270680577,0.7166198557361055,0.5911004195644307,0.5876741190855437,0.5982797922778414,0.44793145824184155,0.7074851461039215,0.7100683008832274,0.7100637577760447,0.7103417092680222,0.9619047619047618
ph_recognition,653,3,15,0.844285074098792,187.25513394349232,2.256700186312768,0.0,0.040731094927275696,0.086136792726808,4.618948813192749,0.7075161479741632,0.635584263065179,0.7412683499706401,0.5467058132706988,0.5911215502055196,0.6647328244274809,0.5798452048462349,0.6234548349986482,0.621649076318713,0.38852055552243686,0.5626090303865914,0.6138600746745541,0.6109046794861085,0.3844288854276226,0.5097390434677831,0.5709192452921125,0.5672484626441717,0.23074903195172372,0.468136471070574,0.5220073762654593,0.46231449614658804,0.19721620119004146,0.5442975580739973,0.583271745691798,0.5832616845800638,0.3019206996978078,0.504805311483499,0.5236660055778712,0.5164938817960868,0.504805311483499,0.5929122362777224,0.6282549425366858,0.6322426314580359,0.4180652731191188,0.46956042418490523,0.5598588183092643,0.5074011009623158,0.2195731621069074,0.5904090413436436,0.6156063474818213,0.6146538596184873,0.3753574744903209,0.7412683499706401
water_quality,2011,9,2,0.04008032343920149,3.3288027385707335,19.324900797653566,0.00034763691763387217,4.0230418340182136e-05,0.00609615300602683,145.23451398775538,0.5991963260619977,0.5972161524881794,0.6365245731639569,0.5967186400503685,0.5972149179660012,0.5967186400503685,0.001594911945728527,0.00285305737381162,0.0026881196116870947,0.009152777286294258,0.0007012245790851727,0.001302262951170201,0.0012487735425323223,0.007179770924329779,0.001339954630569305,0.013181403465733784,0.005969230393385743,0.0023713036542728156,0.0010286959681768937,0.001633588728172652,0.001632021522368473,0.0026126025576137797,0.002371481965788974,0.01023834020611721,0.004830512669681344,0.0027062875180865354,0.001315269070790496,0.0005528810773391784,0.001377174109320867,-1.3430900755528803e-05,0.00042129845119415736,0.0014467533730936177,0.0013387967124489886,0.0015500472598802269,0.00027141170138849545,0.0073162733544965735,0.005950212953335919,0.003765495024055498,0.0011869250147237406,0.002464884178488997,0.0022004105666809737,0.0016142799692575975,0.6365245731639569
har,735,561,6,0.8078101939393542,252.4188295290867,3.6732823144557707,0.19137355519392688,4.945612357384007,0.05971300370725073,10.937673295337001,0.9061224489795918,0.8149659863945578,0.9319727891156463,0.9523809523809523,0.945578231292517,0.925170068027211,0.5517322545222456,0.6152913984878325,0.5547137220023349,0.33791889349076326,0.4886740879879678,0.504710714218085,0.4995172877719546,0.3133170701240366,0.023206362316033402,0.10269776223997071,0.06569688787283753,0.004471666606782027,0.5547602453741132,0.5763617457165425,0.5569692387602329,0.3535378887479886,0.0,0.5199087170060335,0.42557505208366464,0.0,0.46447891448116974,0.46487892000433984,0.4660621926502807,0.46487892000433984,0.668250363820348,0.6767314855346876,0.6704253147465346,0.5411379767446322,0.5691125308077607,0.5760577871295441,0.5748733441500967,0.3863291589723084,0.6858397428704373,0.7115717405287774,0.6873587800486196,0.49069574766454843,0.9523809523809523
weather,365,192,7,0.9990402208609177,384.6357713558299,0.5513426733508934,1.1047283894217812,0.36924218239497353,0.6423164963056541,0.08798332247490752,1.0,1.0,1.0,1.0,1.0,1.0,0.9999999999999998,0.9999999999999998,0.9999999999999998,1.0,0.9999999999999998,0.9999999999999998,0.9999999999999998,1.0,0.9999999999999998,0.9999999999999998,0.9999999999999998,1.0,0.7039492958024085,0.7396739883502869,0.7072734559343521,0.49072849803094803,0.9999999999999998,0.9999999999999998,0.9999999999999998,1.0,0.9999999999999998,0.9999999999999998,0.9999999999999998,0.9999999999999998,0.9999999999999998,0.9999999999999998,0.9999999999999998,1.0,0.8826936238394942,0.9474917525152939,0.9387819619380421,0.8625686827618685,0.9312094993061443,0.93626692421137,0.9342403677478084,0.8994226042896114,1.0
flickr_material_database,997,1536,10,0.3715974058837474,10.634853103510313,5.515906614429477,0.22702692630233082,0.10431589938249355,0.007762678057661092,10.252950487575346,0.7292010050251256,0.6640251256281406,0.7733115577889448,0.860537688442211,0.7542311557788944,0.847497487437186,0.0032320731313437217,0.08445358961236658,0.05685517726772963,9.21806567296972e-05,0.08470483547746713,0.13300730011387235,0.13166312303973243,0.03390585942099334,0.00015847480434910308,0.09240253036036682,0.05305616398708714,8.07447497601928e-05,0.07497175583059697,0.08592722612242325,0.0799658388902447,0.039885754657096775,0.0,0.577532696377874,0.5002369798631319,3.661918252929982e-05,0.12071794570215695,0.12071794570215695,0.12071794570215695,0.02408986828182981,0.38068831896077876,0.4119876430343366,0.3851713120573015,0.1990401179435136,0.021724537121451802,0.020162239651845056,0.01931254112744204,0.008539099428964001,0.2674642747836341,0.3100434582173059,0.30662504349724323,0.1261984211042884,0.860537688442211
birds_bones_and_living_habits,413,10,6,0.5369249118881068,51.57186680462435,2.9348943537126515,0.006049879829143042,0.0063271440294322984,-0.03150204143194732,13.891914322243158,0.6829856009403468,0.4983837790185131,0.6660299735527475,0.612577137819571,0.6442256832206876,0.697414046429621,0.2653694643653085,0.30143837767363824,0.30042317912985284,0.22987070596495413,0.23998075762470963,0.28418001277670873,0.2837535039262554,0.24138143832657938,0.0604619104070375,0.14735241374568725,0.12350258670704758,0.0018424623029517772,0.18799811510133993,0.2249405662865979,0.1924457154364748,0.12174426905357891,0.45784972523563094,0.49422283788320714,0.49214747585245106,0.3738411094088107,0.3774242845363719,0.3774242845363719,0.3774242845363719,0.2642553304691339,0.31245828456671254,0.3057331891499127,0.2854192419678423,0.15899852939548975,0.29180677740583055,0.355424199179432,0.33738482531685615,0.2241371722124541,0.31747343057818944,0.35817668305989064,0.3505658041638018,0.31634448801911247,0.697414046429621
planning_relax,182,12,2,-0.13159042216366681,0.25431484018337397,22.49016765258203,0.0874391574758752,0.0008621921355352174,-0.012821185841378426,144.44573447252793,0.7144144144144144,0.7144144144144144,0.6983483483483484,0.7144144144144144,0.7144144144144144,0.7033033033033034,0.005255936812770771,0.041748825422023995,0.04016040896941332,0.02462874508444408,-0.0034194541764136868,0.010879997411206653,0.0097309552342926,0.004575146487016697,-0.004626814782502675,0.029463995882733785,0.02446373870874057,-0.006561928197362609,0.01679315158386818,0.03252091789296012,0.03066693948975275,0.043757777950607306,0.04680896702357709,0.34056104401422344,0.20785611760519504,0.011804964154653704,0.0,0.034061312932481484,0.034061312932481484,-0.009492890275105434,-0.007137133506780383,0.005992871070324992,0.0032277820569572625,-0.002137092554121737,-0.00294673122251667,0.0037029503510619217,0.0022127400789965826,-0.0041225754838410174,0.0,0.003269789129176004,0.0031278644999522603,0.0,0.7144144144144144
durum_wheat_features,9000,236,3,0.6075545247804759,1015.7264287619832,1.9980790921047724,0.0009871973762205027,0.012425344367603583,0.03351141208412856,7.292055032164551,0.9261111111111111,0.8373333333333333,0.8776666666666667,0.8874444444444446,0.9705555555555556,0.8827777777777778,0.22716128664951535,0.24039703580833702,0.2276725786212515,0.09070457628849592,0.29903702986715813,0.3004734803515837,0.2994285925872295,0.1995658781515384,0.04654731920951792,0.07239041574377551,0.04800473424746546,0.001961901953498696,0.22005459642401873,0.23875235599513714,0.22027349580534375,0.07174296629185165,0.4255232981089242,0.44006105079093755,0.42856215469593745,0.316926609852415,0.44871874455868516,0.4224225373909941,0.42227250648141823,0.42331349251447936,0.43621264367269913,0.4377428129330455,0.4364202335115238,0.34870079109710256,0.38826096857198467,0.3888106036955756,0.3905108214171742,0.2865766766325077,0.4492922211053399,0.4504552881993826,0.4494482206932388,0.37377166659006195,0.9705555555555556
turkish_music_emotion,400,50,4,0.35714349674862755,18.75244010652794,7.64111081178125,0.02175536014356249,0.002958250666695892,-0.06015196035389965,28.211356421109873,0.4925,0.7525,0.805,0.5325000000000001,0.8074999999999999,0.565,0.07585865984838144,0.09644252380371897,0.09615236208724837,0.04286435947761133,0.09099450798327392,0.1168201862195404,0.1141424956979717,0.04377638860902452,0.007604037148011637,0.08292004094297115,0.05699402040845912,0.000841076478387647,0.0655997650427056,0.08173981146645308,0.06661081850465703,0.042336823289215036,0.06378307304082984,0.07718510241619733,0.3769889604655718,0.035363246787676224,0.07971567368022574,0.051845879287567544,0.03776190381192221,0.028317214275194635,0.09244374349879575,0.11544950732808965,0.11152593369646739,0.036605385888370694,0.11227474621088389,0.14154499481555466,0.14071075397382,0.043433681847940865,0.11260919638904525,0.13788629232277125,0.12560865485705006,0.06130827180200467,0.8074999999999999
spambase,4601,57,2,9.48446320986711e-06,296.262284567306,2.0412679861686946,0.0,0.00011971858565971842,0.19748285839479485,3.7065780458721287,0.7772239531699948,0.8343832318368503,0.9282726714818488,0.6924670726525989,0.8795933059528867,0.7068160789312184,0.017331801625117656,0.027591661877626288,0.019069722051377636,0.014486036347150863,0.01947163439978161,0.03145806510723621,0.021221512291939422,0.01460437604691891,0.0026499012479311943,0.015261939924787197,0.004757647756184633,0.0013340633569409526,0.002163002037487735,0.013006173188799102,0.0029811871251839857,0.001171624475132049,0.026449206538414587,0.03807813150266394,0.027891326014138646,0.01739881635109019,0.08131588156242754,0.08131588156242754,0.08131588156242754,0.05116659550267001,0.06428719460503667,0.06494753474049354,0.06489636789306809,0.10880774553811753,0.0843587432720944,0.09751609560561796,0.08233107683702919,0.13519262519813835,0.09250224716923518,0.09950044138221469,0.09288933352834161,0.1485992475298868,0.9282726714818488
classification_in_asteroseismology,1001,3,2,0.8545278916459803,979.006303692983,0.7452797946657005,0.00023107166924197682,0.05785622368017922,0.5847687110435534,0.20911917779504002,0.9270796019900498,0.8751691542288557,0.9690597014925373,0.8871592039800996,0.9470696517412935,0.8841442786069653,0.4083572308502344,0.414025380279411,0.4096359415655611,0.585161392414687,0.4456011372056282,0.45523666800492074,0.4467322100079401,0.6066848038556715,0.143912429834479,0.16004305134088576,0.10739035316243391,0.10297318002698688,0.4061331848721331,0.45856950427042714,0.4538693873827923,0.6215172359141105,0.14585389532657886,0.16050729426632687,0.15689888046526207,0.1783144438093758,0.2970765826139433,0.2970765826139433,0.2970765826139433,0.2970765826139433,0.43628490608549153,0.4442262712733642,0.43746041437043537,0.6121382961261757,0.42652135032670835,0.44395288702250024,0.3010402788886665,0.5769721640636234,0.46985796843297817,0.470376256344989,0.4703079645438251,0.6259597278342427,0.9690597014925373
student_grade,395,29,2,0.4449259583563628,100.20217673459443,1.6196938820069298,0.04332589417198507,0.006644021233166283,0.26055939169229464,0.865985119316936,0.9291139240506329,0.9392405063291138,1.0,0.9620253164556962,0.8683544303797468,0.9493670886075949,0.22695741143483553,0.23601563492413652,0.23550862712762471,0.3139765791110617,0.3065713985295834,0.32909393101457857,0.31178946946074176,0.24470575013707568,0.0037437221536716554,0.03305510539569152,0.023945889152341797,0.01039159207002735,0.25025327413571496,0.26769114583673603,0.2105143442727963,0.24472256176279933,0.2299710329401717,0.23675725709595502,0.19162361287127705,0.010539919736251872,0.23248325825807145,0.23248325825807145,0.23248325825807145,0.20299993777418063,0.3393110405593769,0.35052473208114343,0.3413680004844639,0.353777629551012,0.2838126978945719,0.14011816961816986,0.28185600083422313,0.13622800396657964,0.3826971271851341,0.38426649076023645,0.3838805243667604,0.3896305023039117,1.0
coil20,1440,400,20,0.8077159811229607,90.42437781656966,2.8643287164012383,0.5264796405461881,0.44503996558346814,0.16539340295109048,5.320155228174344,0.929861111111111,0.8840277777777779,0.982638888888889,0.9493055555555555,0.9159722222222222,0.8097222222222221,0.7488559607730809,0.7748077656693172,0.7757041209626117,0.4714787911385585,0.7259805477500069,0.7587876427754096,0.7571895260550057,0.4907008307764446,0.8079094596459131,0.8259399905709971,0.8207782001208915,0.4461746905681377,0.46813264214206535,0.5324149194478089,0.47159703738196324,0.16387802506742355,0.38834304107164797,0.6840460723098083,0.6375270294679664,0.27293912723579383,0.9310871780671602,0.9310871780671602,0.9310871780671602,0.930286115648993,0.7766988671680495,0.7958267632396833,0.8032965797728779,0.669112187695466,0.7811301461827498,0.7928452265556641,0.792563782609087,0.5896292567659144,0.7322458092948221,0.7642447232515914,0.7612030650445702,0.5424364582102985,0.982638888888889
heart_attack_analysis_prediction_dataset,303,13,2,0.06449791193517797,10.741208499584447,4.510963479186676,0.01072750139903346,0.00041379749696591756,0.043649687446594025,6.950101103928241,0.6601092896174864,0.8149726775956283,0.8381967213114754,0.7098360655737704,0.831584699453552,0.7787431693989071,0.021200446713419127,0.03178783609006765,0.031295313030849196,0.04391147088845416,0.05319135403664686,0.06487517908147858,0.06274143379776899,0.06802026871672365,0.00011540926469837645,0.030896146721455253,0.017497238595505914,0.0005745660320236807,0.01603267604172718,0.03376113514776013,0.037562023242690055,0.03537856374640587,0.04315568833731654,0.04751685055554965,0.21090837343493668,0.007760465202058695,0.050278423210200464,0.04164257314520457,0.04164257314520457,0.04400856079025916,0.052655804439840845,0.06523433217115014,0.059713891937842954,0.044680270111501524,0.042060954138974545,0.05731402433859092,0.047838885817909106,0.03789433186771293,0.04195731364449907,0.04939232841960364,0.0465969044295699,0.03937665886769704,0.8381967213114754
zoo,101,16,7,0.7007547363796455,23.902799308963928,1.8586399351741552,0.2711630722733202,0.046063156569608917,0.30397162647146947,0.9873111155334313,0.97,0.96,0.96,0.95,0.9200000000000002,0.93,0.8363920780750702,0.8725428656889755,0.8661648557372847,0.7627977987616,0.8023933958181718,0.8356489048444088,0.8323130106134207,0.7210976334231239,0.8298530053442988,0.8686632148787,0.8618414836588393,0.7613940317605065,0.5723448866461726,0.6087319185599667,0.5937305978495787,0.5753377614741365,0.829853005344299,0.8501144426950221,0.8473200952983039,0.7504678955156269,0.6784536514507198,0.6784536514507198,0.6784536514507198,0.6784536514507198,0.723032569057525,0.7485921815796744,0.7846101232129895,0.7087529337715828,0.6453215803903511,0.6309429695332753,0.6474545577695237,0.522456932059337,0.6767275260187978,0.7147762803207134,0.7140977119552331,0.5270841051524326,0.97
credit_risk_classification,976,11,2,0.09487897163174584,4.872516166244882,9.072315089637312,1.1945065914974637e-05,0.0001719579102243739,-0.0026804595989174053,31.087807896051714,0.8084039769754054,0.8073783359497645,0.8073783359497645,0.8073783359497645,0.8073783359497645,0.8073783359497645,-0.0004734780161033595,0.005166371458133897,0.0027572090322808395,0.012124662276146057,0.002867247621649695,0.006273689286581828,0.005976106036122795,0.012124662276146057,-0.0004922750189945337,0.005166371458133897,0.0029368658193521446,0.012121723327967102,0.0,0.004610942402206579,0.003151268921003146,0.012558642360617165,0.005360409605983458,0.014364388395331712,0.01475768726153453,0.012124662276146057,0.0014997239241709437,0.003799924009221954,0.003799924009221954,-0.0014805101842489965,0.004211272200592231,0.006779437414353899,0.006406046907910521,0.012558642360617165,0.009281771954593381,0.036048732128846385,0.023262722771928143,-0.0020418189215509496,0.012987817438204546,0.016385440131230368,0.01474904595650744,0.012558642360617165,0.8084039769754054
smoker_condition,1012,7,2,1.8381560030754646e-05,878.3592650785813,0.6889790823563817,0.004949195007018699,0.009266685070654958,0.5627007843629552,0.2750893296254166,0.9930741842657171,0.9930741842657171,0.9901185192410867,0.9920889625908403,0.9920840852558162,0.9911037409159636,0.0030835817773271785,0.01828572534506572,0.008209552092208496,0.00035133987095561643,0.003564295444897974,0.022380313773185615,0.012104749742243537,0.0003470880727643626,0.0007419458226563709,0.01828572534506572,0.008209552092208496,0.001034782181616975,0.935020402040086,0.9351743559756489,0.93513224477222,0.9724519354821431,0.8923585231056229,0.8978687357667996,0.8925130972245403,0.9476685926678744,0.8968621998509401,0.8968621998509401,0.8968621998509401,0.8968621998509401,0.9055405478267721,0.9056107507313863,0.9056100836605493,0.9530176396934508,0.6324003052498731,0.6704842216151141,0.5069703322140635,0.7689484622767053,0.9314998331515728,0.9315503208446605,0.9315503208446605,0.9685425901753802,0.9930741842657171
secom,1567,590,2,0.039639240802131104,2.6822424794144344,11.941877815754033,0.18797167880171187,0.046669772657426105,0.013752562565299898,36.15396873312819,0.9336317942247817,0.932992816588999,0.9336317942247817,0.9336317942247817,0.7793919537656947,0.9336317942247817,-0.00013856439487840256,0.007336060882004948,0.006084218782361723,0.010206318698286618,0.011441388154358599,0.018144520846137928,0.017755983636651766,0.06277206792578313,-0.0009003524345261062,0.0033160443535918114,0.0022013532651265376,-0.0011764887150903787,0.004680454492039961,0.00700965214356619,0.006083287243813681,0.007279518525883118,0.0,0.18216901491997228,0.06423928402214336,0.0,0.010580910863392072,0.010372448817142608,0.010372448817142608,0.010372448817142608,0.002034176778373469,0.005126615886880155,0.0036364359326156717,0.005097048011781681,0.002282781961750986,0.005239808573992425,0.004171812754446477,-0.0013667767571640414,0.00428954007841499,0.00960410061413491,0.006407442044275706,0.006788920968509779,0.9336317942247817
fashion_mnist,3000,784,10,0.879994466446897,220.12192247955514,3.476939046023216,0.20941855520824218,2.0148294314896433,0.04526430395987967,6.494093727128377,0.778,0.6779999999999999,0.8253333333333334,0.827,0.7736666666666666,0.8253333333333334,0.5249364092550295,0.5372536012565176,0.530949503356392,0.3073595517718341,0.4919879158749733,0.5033693303827907,0.49980555562403434,0.283184514223653,4.646382593740737e-05,0.04989892419470279,0.018693908688908627,2.425936862272745e-05,0.34257089241184535,0.3737059989829055,0.3437669923329621,0.16451665009150995,4.3049644161621014e-12,0.53627812482153,0.44671562064387976,0.0,0.3187365089414487,0.3187365089414487,0.3187365089414487,0.288271734101019,0.5572927679263386,0.56348627781575,0.5620176498343692,0.39739977910413055,0.5512414002131898,0.5563289794344923,0.5548488078663466,0.3533418632650003,0.5059409004448525,0.5173496320961869,0.5129129065215726,0.35129078505716493,0.827
insurance_company_benchmark,5822,85,2,0.1372436005086748,29.17034936552363,6.645294177548768,0.0,0.004091091120193533,0.041151325963131084,11.212978485918487,0.9402268336209312,0.9402268336209312,0.9402268336209312,0.9403988024128725,0.9337004262348275,0.9402268336209312,0.008149542627012802,0.009642319782380651,0.008446940128664657,0.02675774876781617,0.006459227159551548,0.009143634615025766,0.00682786087936872,-0.00039040297087552026,-0.000248366455075812,0.0014820906534669038,0.0006246869355362365,-0.0003209254205836699,0.0074825206798504445,0.010048444614210951,0.007643423188046143,0.023661460143619865,0.004545617900364673,0.1536797967620736,0.048856942656153014,0.00748217527184426,0.005566612271420478,0.0023847462905702086,0.001970681329560852,0.004107614348278956,0.007184416302901102,0.010046096073958786,0.0073809478554159895,0.02360499314437881,0.006838136500800627,0.01658356425266916,0.008297458207837796,0.018935723997742366,0.01207070304735792,0.017198867668676013,0.01241830189471905,0.032923626204614184,0.9403988024128725
heart_disease,297,13,5,0.013210045996728861,3.334555118315145,9.750943413007993,0.015518033642410821,0.0001235588055874424,-0.03781958720341237,35.49513385685362,0.5589830508474576,0.535367231638418,0.5857062146892655,0.552316384180791,0.5855932203389831,0.535367231638418,0.022600858514805474,0.0702317426691972,0.06897922547465132,0.10182435341215341,0.03619369545276404,0.09214041183279457,0.08786792500829277,0.08690844669015046,0.020358256146275063,0.11172949972801267,0.09497714485162616,0.02328347839314669,0.02842723821429898,0.03798955416164994,0.0365577080653918,0.06765300634484935,0.0214219618339085,0.4689609766285886,0.36636301184002756,0.1059088301691353,0.03781210684360859,0.03781210684360859,0.025271946002896627,0.03390229544817126,0.027742175702843107,0.0839643637909082,0.08332901471302588,0.057239089022528264,0.03126409491834553,0.060392212253529955,0.05711637581208547,0.05222145281434097,0.045254920904179013,0.08150670083257777,0.08194850979062429,0.048050737873153504,0.5857062146892655
magic_gamma_telescope,19020,10,2,0.37543877210842097,747.5975132143385,4.40147874137185,0.000678819652813685,0.001923395435151138,0.11604534402532056,5.799702948435935,0.8115141955835963,0.7385909568874869,0.8807570977917981,0.7914826498422713,0.7847528916929548,0.8343848580441641,0.09829853063809495,0.11690366095615885,0.0985270229098702,0.0725565834123627,0.0313903599515105,0.03247527587906256,0.031585796324117024,0.06007228303164989,0.00032059859493402507,0.006389319628965956,0.0008439112051250915,0.0004437561525160039,0.07751791818513906,0.12490220168215901,0.11387335200275865,0.08821175401537708,0.18475128295377907,0.186072257744514,0.1831099345028312,0.23578051928277163,0.15754459596066173,0.15857907720933465,0.15318931715057632,0.15318931715057632,0.057713457885338125,0.058639896319616115,0.05777681281020809,0.059353781813194485,0.06634391399298387,0.08820909409711403,0.06652672166941176,0.04361731042110193,0.027140364746382158,0.029980389610316356,0.027232158477473945,0.027790014841831034,0.8807570977917981
rice_seed_gonen_jasmine,18185,10,2,0.9245548555151314,36052.92327943368,0.5641321125100535,0.00040298012441098373,0.08648913969014377,0.5602927296178836,0.1248706479180183,0.9799285125103108,0.9628814957382458,0.8686279901017322,0.9396205664008799,0.962331591971405,0.9707451196040692,0.5577889301420472,0.5588695494988645,0.5578073401241598,0.6164463954908326,0.5720696768182739,0.5725158277431108,0.5720874334782255,0.5869122280216652,0.0002205304900312087,0.005030348998228794,0.0007605457851195223,2.8208063994190577e-05,0.6102429446309545,0.604860741191469,0.610273120592037,0.6590405417590256,0.0009976826088723865,0.0022401224238825313,0.0005963161082476917,4.255197215121509e-06,0.006427198419565504,0.006729360849075076,0.006427198419565504,0.00018321884973635208,0.6442301634324907,0.6443890554928283,0.6442446768896061,0.6946778721856467,0.550291466363994,0.5344339008491878,0.5296865334649536,0.5881495574160958,0.6417932055338157,0.641994034660396,0.641807860115644,0.6809616223979371,0.9799285125103108
dry_bean,13611,16,7,0.8946848593426667,28988.997218060777,1.5355585256030957,0.005748265102425961,0.14316260260347233,0.10729127677090904,2.609631351370392,0.23980177565965272,0.817437222797715,0.488440241413728,0.5483951578020849,0.862544795565465,0.5040927112039575,0.5172035868751086,0.5196750670474637,0.5179803309602635,0.42596817404739146,0.5083550083618308,0.5094119182132086,0.5094032335702093,0.3433144113155722,0.16213057209417137,0.2955781505384386,0.16269916162584078,0.03276674854025267,0.3457561349322172,0.29232456500675047,0.3930784077176321,0.03242522297444813,0.16213057209417137,0.2938868051590277,0.16269916162584078,0.03276674854025267,0.16159480631596349,0.161313229746491,0.16159480631596349,0.16140732777876318,0.5296152455032744,0.5431943425470409,0.5298225216778291,0.41961584416664727,0.5093214107811131,0.5170375082260452,0.510891560335057,0.37426339049316315,0.531635258160163,0.534625911718811,0.5319291442008555,0.4120821146611549,0.862544795565465
paris_housing_classification,10000,17,2,0.005283698882722878,1.299224400818405,50.25416943260173,0.00013332258077485216,2.4310918512916455e-05,-0.003846741683707085,850.3200092332729,0.8735000000000002,0.8735000000000002,0.8735000000000002,0.8735000000000002,1.0,0.8735000000000002,7.11931619372995e-05,0.0001753373763395448,0.00016964790225629548,0.0012715085304011086,0.00011508308068488103,0.00021822453683462451,0.00020908113661080504,0.002005406953481017,0.0014435898404933786,0.009457838793861858,0.002489972454427038,0.0015007228893659517,8.525848903154112e-06,0.00022635767301424332,0.00019926882863287402,0.0019981575812771475,0.0,0.0,0.0,0.0,6.931283117298022e-05,5.842373211367238e-05,7.762649025023271e-05,-0.00016605189994052828,-2.3308954887134076e-05,0.00019287956540868428,0.0001516039737551766,1.885138407956899e-05,-6.074665440079706e-05,0.0022202051243270676,0.0012879369142373921,0.0005889225791375279,-9.79483571555939e-06,0.00020399961293988698,0.0001603444878599741,3.704769877984657e-05,1.0
blood_transfusion_service_center,748,4,2,0.41522593454836476,37.439438290631955,2.8414411293797928,0.0,0.0009447777459994551,0.17854569896036948,3.6132762411535237,0.7620402684563758,0.7700939597315436,0.736724832214765,0.7674004474272931,0.7807606263982103,0.758013422818792,0.021791448130558014,0.03502959981566857,0.02823685685888345,0.0852621860370759,0.02239776934891992,0.03502959981566857,0.026813967306321233,0.08937913497374866,0.02030455580356289,0.048128181062063055,0.031331349180031325,0.031108882262086864,0.02510977540848181,0.03304409887751879,0.029102240786606937,0.07591811733036638,0.018276835913540408,0.05628274625905124,0.028162410311690245,0.05834212064263557,0.01950509425917025,0.018435556726861372,0.018435556726861372,0.01871628919118738,0.032562504966697985,0.03668791495995348,0.03526693712275996,0.09190739944522369,0.025854548648791543,0.05976803455441023,0.040627183328654906,0.08304305016419158,0.024102388992740212,0.03529374511401644,0.025171472228583076,0.06081216635390525,0.7807606263982103
dermatology,358,34,6,0.4385467152407216,20.67965764759059,5.899010025474479,0.06511745300234316,0.006481372467561133,-0.033578354164911305,42.4675422580987,0.8992957746478873,0.8715571205007825,0.9692097026604068,0.9553599374021908,0.9581377151799686,0.9523865414710485,0.3803560309945419,0.4257720357891637,0.4162646790283181,0.16255930795974474,0.2826349992312905,0.3150119978386466,0.3252185811243311,0.09962244396285476,0.41951163221991716,0.491083004075157,0.43948793263757946,0.1912307145304761,0.0999678399480881,0.06965481044784858,0.12261193116041262,0.023280544103276724,0.0159923099074513,0.5360095729563421,0.44508643693632866,0.005821972423568854,0.5139618341363936,0.5307200828392732,0.5254989566258355,0.4608450214317424,0.39565320593032116,0.4576666684833642,0.3973306059178077,0.1823396965595857,0.23631258064697303,0.2679845363540424,0.27612997999237243,0.10939886332840634,0.3140457000149475,0.34100521879219126,0.33843106837850806,0.1486252616252553,0.9692097026604068
patient_treatment_classification,4412,10,2,0.27762151469611407,267.7081334663412,3.185573774530906,0.00144409068862423,0.0006129267133774994,0.0951547131713866,3.967584882356068,0.6962614566400361,0.6806249566644325,0.6447954946417978,0.6733736001006669,0.6747613654748422,0.6282776455240457,0.07684700126758053,0.0778074234776051,0.07757851925453843,0.08625639697128287,0.03814662996821051,0.03847772339843244,0.03847321336360351,0.06339670450058596,0.00020746974703189937,0.005225711864101122,0.0018161986358062742,0.0007706187983517017,0.03971536331513167,0.04047305864788205,0.028544974458931265,0.09848571160279589,0.0032662789002353824,0.0074741135031805486,0.007250221757089892,0.002268394169688002,0.04969155871545484,0.04969155871545484,0.04969155871545484,0.048296782019297206,0.0574427814558495,0.060527547602289976,0.0577828076832961,0.07749724566284615,0.047509502221160294,0.02490835171797253,0.057492036908147914,0.056952086003707623,0.055777203014821884,0.059611853148944884,0.05609210597557991,0.05733520800890647,0.6962614566400361
customer_classification,1000,11,4,0.04707148554909373,7.973588749044734,12.026596314243463,0.0019058516200984165,3.541789764574828e-05,-0.09640938304281965,165.47553479414864,0.364,0.37200000000000005,0.37299999999999994,0.37,0.40700000000000003,0.329,0.014958034031050399,0.03198481751645414,0.029527933926297413,0.008519832161384803,0.012024613207122899,0.027500017585867613,0.02706369847470557,0.00588845838878439,0.00969895865977092,0.0471414751993359,0.030992336038208567,0.0005482100628944459,0.002963983633643896,0.01833778355764324,0.009877404291518978,5.0935995689232994e-05,0.01010913200997776,0.04018662710618796,0.022905667422258417,0.0012208930951895106,0.018258393388554565,0.01305214691507672,0.018258393388554565,0.018258393388554565,0.02636980142124945,0.03460786499276884,0.03424092784420758,0.027409936443577025,0.024786318055748626,0.04740103802392825,0.04467154707019043,0.02043115155446246,0.0285318713631184,0.036064978965023836,0.035210511181643964,0.02954703687333714,0.40700000000000003
extyaleb,319,30,5,0.3282575243544149,5.903526123414507,5.618511643885668,0.0511202250649132,0.0018328280936076933,-0.006950277663189601,8.748383632063168,0.6735119047619047,0.8114087301587303,0.8240079365079366,0.9243551587301587,0.9591765873015874,0.9183035714285713,0.16999965443068044,0.21517115775695933,0.21258816997064675,0.0779704295795703,0.09590171442998391,0.14170870715072412,0.13797869378925937,0.03702710257641676,0.00445734178206457,0.10774019356405622,0.07952670375897661,0.00041283415485495346,0.05098111617097055,0.06154228571713587,0.060104137855392724,0.04867029917346011,0.4062168902311497,0.5425937336740391,0.5142116649959163,0.26578794355237384,0.4823077891180844,0.4823077891180844,0.4823077891180844,0.4823077891180844,0.16096640538502469,0.18885087952689256,0.18341345624382613,0.08535514393277065,0.008356465413742839,0.022392959159186186,0.024410175098135055,0.002065855218128924,0.14579870754714971,0.1755351110662441,0.17302332647531765,0.07783935568722107,0.9591765873015874
hepatitis,80,19,2,0.06628743289675322,2.092745497056184,3.773711989701777,0.020196892116463597,0.0023992370622379663,0.02588127386459844,5.072433563915111,0.8375,0.85,0.875,0.8375,0.8,0.8375,0.011769317421421427,0.06067243618073685,0.05401809083216215,0.046502226824321556,0.01697239118024884,0.050596329871482326,0.047191784854321656,0.06753878301537566,0.024049475757848934,0.0905415755091312,0.0905338196232519,0.07560147264476728,0.03493734839436065,0.04204116279565072,0.05650695789835304,0.06688597921590624,0.024049475757848934,0.3095059100428638,0.0905338196232519,0.07560147264476728,0.033108854943971325,0.033108854943971325,0.033108854943971325,0.0,0.0025989145801124957,0.03797460816406194,0.03251956615037123,0.030622633602265248,-0.006601931642639268,0.02407689618359681,0.024750959319164538,0.0180137413467553,0.08059917594332311,0.13814037551498043,0.11107371554352012,0.056539544331562275,0.875
cifar10,3250,1024,10,0.354936589862778,21.93678260039441,12.384582665222808,0.14513394322281994,0.1956406681589216,-0.06215172368104922,77.53889897868375,0.23815384615384616,0.268,0.32584615384615384,0.2735384615384615,0.1923076923076923,0.2796923076923077,0.008341311796178402,0.042305563371593295,0.029197264097895588,0.00037105302701842617,0.06335545071451996,0.07825137543095836,0.07779732850732442,0.026121083463627855,1.9907242338228804e-05,0.04765344441552465,0.017271932355224846,1.0385297256517483e-05,0.026554160146647427,0.030160932375171267,0.028149024554948766,0.016720586053517113,6.5259438367994e-12,0.5336173703251299,0.44327387035246685,0.0,0.05695396193343695,0.05547309151742576,0.05547309151742576,0.049873745759439404,0.07498026244802466,0.09230835609880421,0.08867813056672878,0.03141029980320009,0.06805387070623556,0.07810350154883328,0.07792131728742993,0.03153800421002302,0.05511923486745011,0.06940096943483767,0.06879484716675918,0.036439984665415794,0.32584615384615384
pumpkin_seeds,2500,12,2,0.2984372386105133,73.5947636911806,4.732790134939297,8.483781481477566e-05,0.0005797281188451605,0.038271685460511455,8.472081011311388,0.6824,0.8672000000000001,0.8788,0.5816000000000001,0.8816,0.5843999999999999,0.02819683319666395,0.041890065026279205,0.02702523223316199,0.02702535893156543,0.03258782322737164,0.03394966349479,0.03293555466096103,0.02595571815716412,0.010000753745002425,0.025528454549511925,0.011258064298284633,0.0010120576820212943,0.0462732139194202,0.04712877857394649,0.04711953478328144,0.025624724562856034,0.024310938992661638,0.041303987788481995,0.02590747527941718,0.0027537231221292373,0.04615630512261249,0.04615630512261249,0.04615630512261249,0.03599307454339783,0.01967146559286555,0.021957328138194787,0.02038432769513858,0.02003379062311073,0.025557672232721106,0.03467975946624899,0.02870255095699274,0.01733451731121225,0.021146702538316006,0.024338594853896108,0.021951124373193912,0.01974223318890023,0.8816
labeled_faces_in_the_wild,2200,5828,2,0.01018854892310353,1.2658607703904996,40.969476944547246,0.1833542268716376,0.09138918465089585,0.0005036114685490975,434.09197350391634,0.5945454545454545,0.5390909090909091,0.6063636363636363,0.5331818181818182,0.5286363636363636,0.5004545454545455,0.0018239046626623977,0.0163954898171361,0.003556441061335112,3.307296631829905e-06,0.0005843593674545575,0.0014863899600702428,0.0013977273497631096,0.0007939253126592759,5.913006257516314e-07,0.013461028986073324,0.004419746898660386,8.268234755628299e-07,0.0020345732522581384,0.0026131553848329075,0.002566600716860059,0.001574972553949692,1.1207710025091371e-12,0.3001056703913871,0.16524435605092072,0.0,0.007582551033682755,0.007582551033682755,0.007582551033682755,0.005251786000071843,0.007033583865748825,0.008520290948412463,0.007819896686092202,0.006522144885826713,0.006511806542713253,0.007513155303450779,0.005973931473635819,0.003161768719329376,0.0016745511430793646,0.002890186707891685,0.0026100094700980594,0.002049018450649857,0.6063636363636363
parkinsons,195,22,2,0.2580537975938456,13.047522873777556,2.8524350203405064,0.006711608902149031,0.003215979984921025,0.18858380481915119,2.7448498439682387,0.7897435897435898,0.7846153846153846,0.8307692307692307,0.8102564102564103,0.8256410256410256,0.7692307692307693,0.0719181185117535,0.08897700083930539,0.08685121288398114,0.17971995194925416,0.1418649293897633,0.16879292778874241,0.15440937847523506,0.21452206531596754,-0.004309111945379833,0.018524374382004,0.01791935036001241,0.019764325160988368,0.038583215589337416,0.10230700120027514,0.20014771323398778,0.14009084001083524,0.1321805603735457,0.19315101327404968,0.16353097673037856,0.030856358961404973,0.17212018924272462,0.1897942718937076,0.1897942718937076,0.16434241804195068,0.1292108110083799,0.1606897169268997,0.13982534592925483,0.16144334148739312,0.11399769366745152,0.18720101904268774,0.13680287173352576,0.03460345296053939,0.07433621840931458,0.08500583866016381,0.08119973119786185,0.08925735025814635,0.8307692307692307
echocardiogram,61,10,2,0.8658077878412301,39.33178855693077,0.9820768577655659,0.15473092902957708,0.052122670921943635,0.34234093767045315,0.3015436890975924,1.0,1.0,0.9679487179487181,1.0,0.9346153846153846,1.0,0.3938040261781843,0.43580687144514724,0.4126221569815963,0.25891343823970586,0.5928876475433656,0.5993701117234257,0.5984120809626182,0.6363704240719288,0.14421338621681515,0.23137249366282303,0.22780266713833028,0.2533669918810125,0.5317345609773205,0.5662373007636019,0.541381643865534,0.408653846153846,0.2190369090029541,0.23929477153956294,0.22867749346870317,0.22440645651641825,0.20795447946682613,0.14544993226468247,0.20795447946682613,0.20795447946682613,0.5317345609773205,0.5662373007636019,0.541381643865534,0.408653846153846,0.33261087950338947,0.35798314665164355,0.38013204659425287,0.2729714191588561,0.49370636385054817,0.5278342747403248,0.5040675320819925,0.3636102144164531,1.0
pen_based_recognition_of_handwritten_digits,7494,16,10,0.9292605056442056,1004.0641093906648,2.298270618969587,0.214109782930636,0.11613451113896954,0.19281249148303797,2.8176878946672317,0.9937287074337944,0.8769696041241557,0.9910599946025431,0.9625029948759789,0.8885795692900741,0.9906589261554876,0.7606136011749632,0.762363792386971,0.7622795738200296,0.581197894608214,0.6944117676406578,0.697724260648501,0.695699056742807,0.5213085422384378,0.026983497418566243,0.07894322782677432,0.03571950574957227,0.0006037348201358614,0.48354809126229076,0.5228954413038984,0.48391835324698,0.24340165472217584,0.7046664724172621,0.7534303245847346,0.7200515344918815,0.6059225307522725,0.7986757235676533,0.800785323862163,0.7986757235676533,0.7986757235676533,0.7439166546215218,0.7340009288225903,0.7446888849516271,0.6557370493422988,0.7096833836738947,0.7182786079406313,0.7190739418577516,0.5675577986289057,0.6656996082948563,0.6735096072945539,0.6671765568939974,0.5824480102975608,0.9937287074337944
letter_recognition,20000,16,26,0.8157280531765095,382.57076803985626,4.351126746775642,0.10319703127050786,0.001584287425651625,0.00864609271689366,21.51222319590965,0.9568000000000001,0.6428,0.96495,0.77515,0.7027,0.91565,0.45853403953940675,0.46667074907121037,0.46639694977837987,0.12189525605948812,0.40197064248269426,0.4124604415007857,0.41029544622297004,0.12228255771666377,0.0640703225689355,0.13325451504770874,0.0737483376377703,0.0017384508669416622,0.18191401133719245,0.21228624418465175,0.148575982763654,0.03995740627333623,0.4563960480227662,0.6159548576751189,0.5790768660675132,0.1517056122650161,0.48862791637290093,0.48862791637290093,0.5118509934061739,0.4468341485666264,0.4740689073837666,0.48155446540713226,0.47716435627544607,0.15300198076648536,0.39976977097655964,0.4096535438819032,0.4078290383683014,0.13719036311025698,0.40669194594084146,0.4170699171350368,0.4144990413362333,0.14766010712638036,0.96495
banknote_authentication,1372,4,2,0.7265675393031288,292.01043533332825,1.937834011751537,0.03947477782646196,0.04383253718173825,0.1836042954903747,1.1585073114806148,1.0,0.8382057067020572,0.9941712010617121,0.9912541473125416,0.9766768414067684,1.0,0.43395628972735684,0.47344912628065644,0.4348694518833541,0.3700769911789407,0.15987672778138226,0.17389737766852867,0.1604965026434732,0.08188770881532063,0.052441305085266995,0.07041013268565359,0.0562537044866809,0.012378300714279233,0.19820212480505314,0.20229944610503434,0.19889883499995262,0.15734002009585715,0.5752621572270412,0.6140365874263162,0.5607816092841998,0.5332214778657176,0.6092561380931337,0.6092561380931337,0.6092561380931337,0.6092561380931337,0.37373582557173185,0.39521537161693376,0.3744148204363737,0.2909016942956884,0.3471850100821332,0.35103292255301966,0.3514495234885966,0.1320686618066012,0.44763246841688026,0.4879042610010654,0.44834387557907346,0.3435888151952167,1.0
image_segmentation,210,19,7,0.6404654790035971,23.2757287548467,2.042369183509037,0.014284923493846033,0.0022855174846855126,0.13536482665816543,3.7175756925816645,0.8333333333333334,0.7714285714285714,0.9285714285714285,0.7476190476190477,0.8857142857142856,0.8904761904761905,0.6623409564089486,0.6966085788657037,0.6956708488766895,0.47075515404215895,0.542533976559243,0.5927706237684968,0.588244529620218,0.35662877397795517,0.3311081131621363,0.43859736079422784,0.37715305372715746,0.10216064716555824,0.33744465826990194,0.4527225346909168,0.3510500139962866,0.10022296440002813,0.40543033857330724,0.5158210814146661,0.5130380078717518,0.33560246966465823,0.3299437032162374,0.5506783859807827,0.5172615378761167,0.3299437032162374,0.5359403604314565,0.595870830765383,0.6082384971617913,0.3981973900600159,0.39782761034109393,0.5071225547889401,0.41632313204618476,0.2965422446038958,0.5335695263960217,0.5915176801897531,0.581971736044471,0.39302068959741027,0.9285714285714285
predicting_pulsar_star,9273,8,2,0.3600910311920254,1012.3453607694307,1.1319182817617486,0.0010906572368507457,0.0033025913192311867,0.2574847192342806,0.7625056936810644,0.9728244314761992,0.9440313796642794,0.9788634467037106,0.9722854060718138,0.9753051462998339,0.966892651424617,0.213251007043218,0.2374744627811361,0.21366278683199497,0.26617368119388024,0.10371006485499638,0.11791606094233889,0.10414609399951472,0.08796203040882794,2.5707614490709425e-05,0.0016517082303976892,0.0004641255596373276,-0.0011561050489470046,0.08478217756802352,0.09281216167965357,0.08498027010770183,0.03650710249070012,0.11482990086565766,0.11844642647432155,0.1184230718395221,0.21511594013948493,0.13192163696621578,0.13823070847923716,0.13192163696621578,0.13823070847923716,0.13675189146489614,0.17475994856332194,0.13695442037848854,0.09836828725876919,0.13694874045785424,0.19218413234762985,0.13386909476264874,0.08113208848153539,0.15417058468986455,0.1951946622179013,0.15434400393698675,0.08811608767865818,0.9788634467037106
boston,154,13,3,0.7195003830534085,172.52775305420138,1.2555912513184315,0.004784513323057533,0.05667774605542633,0.20159959930695426,1.839466919191419,0.7737634408602151,0.9156989247311828,0.9544086021505377,0.7537634408602151,0.9612903225806452,0.8636559139784946,0.43425177879616345,0.45101452304068,0.4429718994747292,0.476527387502699,0.46427332345222344,0.4746515281376501,0.47433556964040663,0.444892221032653,0.380813856212402,0.4099955728656609,0.40810990046975004,0.32401703158324396,0.49872514652179606,0.46485015869314356,0.46912892971488224,0.4594594984552061,0.3516913586448042,0.392349833017975,0.3735284073837357,0.3251294828381922,0.40902095587595955,0.40902095587595955,0.4035645342478123,0.3971009230817453,0.4568808053398373,0.463920135456193,0.4636854024176243,0.44021410680460515,0.4352464614630457,0.4564359956320444,0.42384617680293835,0.3967173272151042,0.4517259471279627,0.4601815404637322,0.45859208549238356,0.48466234378009965,0.9612903225806452
taiwanese_bankruptcy_prediction,6819,95,2,0.03235247377082711,6.3664705297711475,11.103796887857875,0.0042343223770588525,0.0053663686981887245,0.008571961930765553,33.43135576634994,0.9677372020921592,0.9677372020921592,0.9677372020921592,0.9677372020921592,0.9445704769752765,0.9677372020921592,0.005965958850956409,0.01689824143794632,0.007192823780205128,0.00721758631825639,0.0010359912491603768,0.0015924072240787496,0.001288352329048671,0.015840839946446413,0.012615799107778627,0.03551476431362453,0.013729732517742363,0.016170820382496502,0.005835890145662439,0.008317289081961405,0.00618022580968132,0.01934907639747606,0.02024733219480192,0.1292968875771082,0.05273115896986956,0.08522619994533238,0.015031937670857842,0.015031937670857842,0.015031937670857842,0.015031937670857842,0.0010567459837880606,0.002117922443944734,0.001251136124890238,0.00880779800172005,0.0020236274255210243,0.01070926530544322,0.004184605436360395,0.001682494971481488,0.0007927415976703604,0.0018462663516751192,0.0010939615855698978,0.0016518948538680124,0.9677372020921592
human_stress_detection,2001,3,3,0.8566710832089335,2880.7572227446813,1.2163492628799004,0.007727531194399427,0.17616874498523288,0.32130413495865146,0.6719699594650014,0.999,0.9915024937655861,0.9995,0.9945087281795513,0.9695124688279302,0.850502493765586,0.7327282564236504,0.7569028277018576,0.7328828397329727,0.6051152451445657,0.7327282564236504,0.7569028277018576,0.7328828397329727,0.6051152451445657,0.5444956146874363,0.5457672740718869,0.5453072815065665,0.3849146319752537,0.61480247019378,0.6151934662169385,0.6151626453762292,0.5978971868617684,0.0,0.0,0.0,0.0,0.466729413039553,0.466729413039553,0.46903147560293956,0.46903147560293956,0.5939716802813428,0.594362816172731,0.5943445788682643,0.5621666157752366,0.5065739671707892,0.5198849743240601,0.48144969673205107,0.408438042882956,0.5434349068944682,0.5438686909247041,0.5438544755195486,0.49912574275863103,0.9995
website_phishing,1353,9,3,0.7339222757919851,137.76275914508543,3.1998094174245577,0.0,0.5465946015574236,0.07930805448769482,2.7086726619104136,0.8795517288506218,0.8255815224818914,0.8987699876998771,0.8285554188875223,0.8233729670630041,0.9024627579609129,0.19761031429462206,0.21408954127541965,0.20019961751664886,0.23129602956556736,0.30085692963454197,0.3057969886429301,0.3015271515892587,0.3879877506931385,0.03722319782233537,0.04332992088296606,0.043026291822971546,0.05184366309832701,0.19118327163482945,0.20135402820653256,0.20064543783650196,0.22405053682701195,0.1772680969711429,0.3510607807975586,0.23308226276156105,0.17504106226861993,0.1861177074065647,0.14385635296112903,0.14385635296112903,0.15406126617388216,0.21244725730677164,0.21792739037691838,0.2140268890860258,0.24702731323396604,0.19669601594327285,0.20186491360007808,0.15491631805752198,0.24675929799690297,0.3033868929360591,0.3056624213901547,0.30442993832720167,0.3703656560076902,0.9024627579609129
mammographic_mass,830,5,2,0.6352305753085236,215.7713776165741,1.6030870117152316,0.0,0.006353139650878511,0.1501742714638958,0.9585466171022985,0.8108433734939758,0.808433734939759,0.8361445783132531,0.8120481927710845,0.8072289156626506,0.8108433734939758,0.10561684477584594,0.11283229388265455,0.10873109106353858,0.09491545459606061,0.11275707940802351,0.11776567618221793,0.11478935567206823,0.12884198467844038,0.0026487768515591477,0.023479765747396283,0.009379760416580566,0.0004537620087115859,0.11833281886113318,0.12777686696944043,0.12185357431210028,0.16392368291123707,0.18864634928389623,0.21322417251957346,0.19481725865656074,0.17546412420547966,0.19679957446293525,0.19679957446293525,0.19679957446293525,0.19679957446293525,0.09710532620033537,0.10077698601429527,0.11017407610818242,0.13667290944816896,0.11048582225815598,0.15605623212372838,0.11934423677771203,0.12050259069011973,0.10879754841111082,0.12287281662751118,0.11102381765447647,0.13134526930095786,0.8361445783132531
wilt,4339,5,2,0.05757220206827346,34.96792160497012,1.9382095546697538,0.0047396166301217815,0.003761623103612225,-0.05512556220862108,2.079175060920509,0.9928560798133296,0.9829455881024136,0.9926259308277391,0.9829455881024136,0.967028898846066,0.9896270842302766,0.007458900774130398,0.014458215185670337,0.00851407719006798,-0.0017513563120685426,0.008259942921185592,0.014770314299721,0.009223867346794432,0.004209643872798692,-0.00036084974944750997,0.0012784048949184526,0.0011055665216343354,-0.0004472037548953818,0.01609588903436667,0.018489010219213557,0.011301045637860838,0.009399855331454746,0.06326495278694258,0.08691782158645898,0.06296419766278126,0.06948987118890473,0.043328997073669634,0.026683221521494556,0.043328997073669634,0.043328997073669634,0.010916983920823776,0.022753009228255967,0.011487545498561872,0.0001836042645763,0.009631236457869013,0.02053936487998851,0.010595556909659987,-0.005577768935373195,0.012065840811676602,0.025746173889502632,0.012581043608581286,0.0019563380372766863,0.9928560798133296
imdb,3250,700,2,0.008319136918385388,10.315306543148031,17.684691765050946,0.4158977514520814,0.013834435826619987,0.0028961517385666063,78.71797087207001,0.7323076923076923,0.796,0.8113846153846154,0.8313846153846154,0.7855384615384615,0.8104615384615383,4.982407382170095e-10,0.012021708280106456,0.003607237360081729,6.993514279547156e-10,-0.00041948968431119755,0.0007319279609598694,0.0003894290661660396,-7.56697958486395e-07,8.122010630991822e-07,0.010834218304060587,0.003016234904434428,1.1364456404532014e-06,0.02640352841703187,0.02711409915564856,0.02676716096434516,0.03893579010136507,0.0012161631328289494,0.29279102118837336,0.1579155995676643,3.0305228537639685e-06,0.011732582908503928,0.011732582908503928,0.011732582908503928,0.0005059454202979254,0.025423798246384865,0.026433036780044883,0.025759595708959703,0.028984261457986094,0.004947562423105442,0.003514977174658482,0.0008639774325914996,0.00950607125640016,0.011553591880010868,0.012702396346574548,0.012039142264882919,0.012561780023523239,0.8313846153846154
date_fruit,898,34,7,0.713162438513636,402.04310642464685,3.7860984619100018,0.006835365384838668,0.04226282279344305,0.10668259217655222,19.635488223936783,0.6903538175046556,0.781725636250776,0.806219739292365,0.7015083798882682,0.9142582247051522,0.7081998758535073,0.37166506307070535,0.3829446867800392,0.37798393926909757,0.2994800645289422,0.3785187326111216,0.3911034746818132,0.39041768924111264,0.2627611201621708,0.019721905719453918,0.0951589740542615,0.06168507334148874,0.0029719503794817517,0.2851692926286411,0.322594946233786,0.307919119109064,0.17953516196784497,0.25138488095186584,0.3528329101694656,0.35465508449680166,0.2183907917739464,0.2619113258815246,0.2619113258815246,0.2619113258815246,0.24379901774314386,0.37466473987442295,0.38539611510077765,0.38976869560497635,0.31234891470419773,0.365270032465173,0.380107357920653,0.3721173097213929,0.24945021511279947,0.3907747739886113,0.40291726022601104,0.39747945058320266,0.3502993581900442,0.9142582247051522
crowdsourced_mapping,10545,28,6,0.6789110765763827,328.1556949865918,4.17129505888854,0.09333396980993718,0.113194520632799,-0.07259994031284123,9.168867985310264,0.8981507823613086,0.7786628733997155,0.9192982456140351,0.8644855381697487,0.8368895211000474,0.8945471787577051,0.3145777356805158,0.32990509166188714,0.3157192598315444,0.16894151962419987,0.22440897745941749,0.24126457056386555,0.22542896591414827,0.13405322759596477,0.005572910572070404,0.030690116482441788,0.009072924446736028,0.003951930631817854,0.27711587051279774,0.28985498615051003,0.27749644808720275,0.1683853685929212,0.2814347473878761,0.3304377749797833,0.30283291223188413,0.2522360575877611,0.2906371134965709,0.3183928710768393,0.3215344452082799,0.2906371134965709,0.27701346819002903,0.305164031744433,0.27806438472850525,0.16168556648786797,0.2724353378581426,0.30347800198102554,0.2615883464579494,0.226500691690313,0.2129343159029863,0.24090232560193678,0.21454610897693893,0.10280737471088064,0.9192982456140351
yeast,1484,8,10,0.6778664874864866,68.35686715324819,2.92816316862059,0.34428285980646905,0.008324742300930096,3.258055024726099e-05,8.910711460303592,0.5855855855855856,0.5815338065338065,0.6078260078260078,0.5835608335608335,0.5855878605878606,0.5680453180453181,0.22717816250420428,0.253281751996722,0.2515200362539679,0.14851151637661883,0.23951879966482886,0.2595562605290077,0.25729223404582247,0.14611398314369697,0.05312002374621161,0.13316329878784644,0.08535628152943558,0.012056910722586935,0.21649363689365528,0.2627514340713928,0.22989475785599295,0.14270282095657055,0.07142591728133926,0.4872900758272783,0.38377519499885876,0.03507869100388883,0.10083253072599471,0.048604020683946786,0.11152303356730049,0.11152303356730049,0.2697692102768621,0.27181127601570443,0.2776613582509494,0.1790142343762082,0.21938632591906196,0.22715442316347176,0.20744907463626022,0.12009476003735693,0.22700456312106881,0.25241223835928833,0.240197171612594,0.11130101672362454,0.6078260078260078
street_view_house_numbers,732,1024,10,-0.009923782655882889,0.8731806414251738,17.640319170494934,0.08528053220811975,0.03673083787849434,-0.06478084364122598,111.61474573271576,0.2472928897586432,0.08746621936445811,0.3197372099524741,0.18301183487093467,0.16397353461932718,0.2499207902339018,0.006354072872985518,0.08362750878210339,0.06680263366772966,0.0007682059314030945,0.01187635975590378,0.07359544587455623,0.0735205293014806,0.005758692856390437,0.00021112019816199714,0.10675243475382776,0.06895906868820664,0.00046749011312001074,0.0017899907678695741,0.01174303172293544,0.009455500477460013,-0.0018923323331322226,4.592376485624073e-13,0.582303730357953,0.5064346169048772,0.0,0.003628637847078555,0.0052424318044994875,0.00467749926408448,-0.001476566696433257,0.00927500243042895,0.08312915236889282,0.08180910973129471,0.0032819857556942167,-0.000835619951625699,0.013829464878277391,0.015984958174164645,-0.00034192452807847533,0.009122730222072935,0.07892816464337031,0.07825968852502234,0.005493728277552044,0.3197372099524741
pistachio,2148,28,2,0.7791506941766246,1127.0538657365953,1.0931635046778057,0.00021948003872645784,0.010595214771560333,0.2511030579066183,0.4657176229394269,0.7756025369978857,0.7853764839811352,0.8933832059413455,0.775134168157424,0.9059413454762293,0.7364286875914783,0.20320637572231876,0.20613026693980405,0.20393438826876933,0.2003704858294691,0.2136283712937122,0.22068916931426813,0.21424210810413552,0.18040596115759222,0.004689764810960869,0.020602187021199297,0.008156965999400443,0.0014582317747426105,0.22370854976805207,0.228418475980975,0.2255761454924828,0.21241736529172034,0.03535270267457648,0.0459633251183983,0.045627332816432706,0.006241339051765327,0.03777812450978342,0.03777812450978342,0.03777812450978342,0.017895841016205897,0.2308551839681207,0.23112188792383703,0.23111588928680854,0.282303379597674,0.19689071114794093,0.21222388196284236,0.21296817055668643,0.2301706785088644,0.23679696428895572,0.2370628633528354,0.23705547531120538,0.29942166176831464,0.9059413454762293
rice_dataset_cammeo_and_osmancik,3810,7,2,0.8823685457771089,4850.940296726767,0.7049705305214009,0.00035965479353987546,0.02392695276067562,0.45556227570243024,0.1921609587175174,0.8824146981627298,0.9081364829396325,0.9278215223097112,0.8797900262467191,0.9296587926509187,0.8811023622047245,0.4631807647052656,0.46354906255158373,0.4632874738073702,0.5412729274606256,0.3391247789492182,0.35438137022833865,0.3393965016967008,0.2351536075561435,0.001242142129259164,0.012635542782736093,0.0025514716000983864,0.0003107250870902983,0.4358845834378471,0.4392662985618073,0.43599248320311534,0.5391421895007108,0.0,0.008527969629885057,0.0019161179795120179,0.00030920820106119005,0.2536365528068781,0.2536365528068781,0.2536365528068781,0.2554063786552426,0.4685535599496837,0.46868304077931616,0.46865684460454454,0.577223907900681,0.42767833419837736,0.40034473489115185,0.39384724036786906,0.4304739809135583,0.4666931406028817,0.466816720383349,0.4667966532187025,0.5764550691383176,0.9296587926509187
breast_cancer_wisconsin_prognostic,569,30,2,0.8928111330793015,633.631107124059,0.7206452107551479,0.002510515197596338,0.036528361987179396,0.5136967691471238,0.20918286797116534,0.935010091600683,0.927930445582984,0.9578326346840553,0.9139264089427108,0.95960254618848,0.9261450085390466,0.4541194230630328,0.4566361569147606,0.4564998037576455,0.537080142534353,0.4251226562564935,0.42775299602798683,0.42772319742917386,0.4646563799030458,0.035702429591946874,0.06881968245862766,0.04971724527630517,0.027183250819450007,0.5376968814307717,0.48970989222527217,0.5389299137697627,0.6483081323267805,0.4205896773819145,0.4442220722528886,0.4293985958497905,0.5866778212459854,0.4842476654764843,0.4778453982529031,0.44101683609472175,0.4620268335359447,0.4640047128452095,0.46716553776224073,0.4630395031086662,0.5197881128908282,0.3037628453216988,0.44823699438199693,0.35969043496027686,0.40461836138899027,0.4973069621902438,0.4998793047401266,0.49803643286816274,0.5337690933348298,0.95960254618848
wine,178,13,3,0.7240583987903279,206.67811644807986,1.515486252136648,0.004784513323057533,0.05241828697094747,0.20008297882830714,2.4027379302333247,0.7250793650793651,0.9776190476190475,0.972063492063492,0.6974603174603174,0.9717460317460318,0.8101587301587301,0.4238068998196488,0.44861872809194037,0.4277493111101406,0.351648969504864,0.43626407148106267,0.46350918452653456,0.44227466849796115,0.3708330215187078,0.36824412775740983,0.39277545459019225,0.39264318674429605,0.29792209195290015,0.4319148104893894,0.44264710792616324,0.4333440759627587,0.3613702358402111,0.36410772257365476,0.3862897682450408,0.38161374238084905,0.2870904224197063,0.411092981565771,0.411092981565771,0.411092981565771,0.3581097929020258,0.42268666427661195,0.4429261280499242,0.4287568597645352,0.37111371823084754,0.4300210214780802,0.41902357490912373,0.4300264942521115,0.33661956439626606,0.4292062386258572,0.435195269830423,0.43519421216392945,0.4024688570753171,0.9776190476190475
microbes,30527,24,10,0.33078525290327804,147.8345627044006,11.348645916861326,0.0182551054045396,0.0038173589950867494,-0.08034404686990783,94.95168847317399,0.8778819238498243,0.2737244954211872,0.8945550421934307,0.46473765550083923,0.4433465934743367,0.7018077786567796,0.027435563080323196,0.02967770324867226,0.029580177050955125,0.005512236130334635,0.05383129943838537,0.0563057575769382,0.05545307004170939,0.01421687765587717,0.009802337155582576,0.03870415067721232,0.013336438312507273,-2.093798801402551e-06,0.018285231519039283,0.02202426131186451,0.018467305633245664,0.0055254276781599825,0.4097054272570394,0.5057275278180066,0.4488007618303668,0.2793073268554744,0.319911753567979,0.32115488348949867,0.3197227014784972,0.31497660465237076,0.056937734219932624,0.07129087600258313,0.06330793433239504,0.015448622692032416,0.07643819660454718,0.0777083435192393,0.0778203566528432,0.01258577113325598,0.048998534984292956,0.051453580729560536,0.05029599804388098,0.014559477463878584,0.8945550421934307
raisin,900,7,2,0.781133472486252,577.5756623332809,0.9276940226365437,0.00017928285588625023,0.02820011130533804,0.32072542887098626,0.38869366325628835,0.8411111111111111,0.8355555555555556,0.8633333333333333,0.8111111111111111,0.8577777777777778,0.8122222222222222,0.25514727966434403,0.2650699722513385,0.25713933802301947,0.22568964340904518,0.28531258332111287,0.28929502296938653,0.2862975800168928,0.3198691435507746,0.008697222200526395,0.028557277154476802,0.015525419468819518,0.00014360762954562345,0.31762413531367445,0.3088445669991969,0.31869726718263885,0.28143311098749196,0.055302141137038144,0.06973600514562842,0.13181237326728895,0.0044093850843743435,0.23839317102719768,0.23839317102719768,0.23839317102719768,0.2372619128007214,0.28459534849976725,0.28975110352562194,0.2855505882449779,0.30338373568265625,0.23195492090549324,0.28663155775095717,0.2688107541625541,0.23195729074748533,0.34386048973986055,0.3448488551570341,0.3444138953605363,0.3383421075626448,0.8633333333333333
ionosphere,351,34,2,0.36508423024904296,17.746060148893193,4.086444914236703,0.047880122575773974,0.5240418709976844,0.15487902523304678,4.5254555973706045,0.8718712273641852,0.8831790744466801,0.9230985915492959,0.8549295774647888,0.8491750503018111,0.8861971830985917,0.030241925013814546,0.07215710490148951,0.05331903835475107,0.0319104200810834,0.12245641388941428,0.1343020977221411,0.13127656245929348,0.15563350819039043,0.014918275202090011,0.058538622273786034,0.039385626740330644,0.022603905047395286,0.30377640471896683,0.3122207061245132,0.2708826956411453,0.3064972942407753,0.3037542195367616,0.37307546687063015,0.3084186628665971,0.274108109833815,0.42445546633795156,0.42445546633795156,0.42445546633795156,0.42445546633795156,0.2600294885346824,0.2751572101500778,0.26352453225653133,0.25568812260724094,0.13873069338842503,0.11755435081070878,0.1111045729506173,0.14217479498136062,0.11595631279280957,0.11788889913897341,0.11783723273413975,0.14561754983471906,0.9230985915492959
statlog_german_credit,1000,24,2,0.29101906307370956,25.601023011955576,5.028796796569715,0.013233333874919722,0.0009708720125158953,0.08773717313181714,8.186391610293345,0.7179999999999999,0.752,0.762,0.728,0.757,0.7699999999999999,0.022889010295971516,0.029378150551637228,0.024164543966226634,0.0635743593381591,0.022829624788279282,0.02702822503850876,0.025806076959061335,0.0719060368229323,0.006238111452739018,0.030094402234521155,0.014614231988322549,0.012140892882583798,0.02390455341996999,0.029309745199648567,0.02892651919543087,0.08011436449226143,0.021723859154149358,0.2975651039420415,0.026050606969524444,0.08515146890101138,0.027430803571462208,0.009956589743528997,0.028951596575931705,0.027430803571462208,0.018180831592925623,0.022709808760262698,0.020482975988295724,0.06648205963901856,0.016931054623948068,0.03573376024845993,0.023289483506413595,0.06084783137101084,0.019981603377281935,0.020894305253251824,0.020842694348696452,0.07079228827625492,0.7699999999999999
seismic_bumps,646,24,2,0.12609062737963586,4.4172959388594,5.811200845819681,0.0031491729205649546,0.04768213618707082,0.020911410399811974,9.058370982404558,0.9334406678592725,0.9334406678592725,0.9334406678592725,0.9334406678592725,0.9148717948717948,0.9334406678592725,0.0076740516143603945,0.014953434338624444,0.012464362488403715,0.020374657454180083,0.013627177720901199,0.01861106144456528,0.015430421939422618,0.04508867080697775,-0.00213903306767504,0.005993984706747241,0.005226845778720373,-0.002822466836014677,0.016223602105939722,0.022995126113363618,0.019083326654662017,0.0317890684010043,0.024440672029184474,0.1948346851947118,0.07314450320551898,0.0053242034422623105,0.006236705413805028,0.007613124596500401,0.007613124596500401,0.0019440130554368227,0.01177706856191957,0.015371728800579599,0.013508135755572557,0.03136919941995188,0.007549663259519411,0.05699634102861959,0.028920462870175558,0.0007929406436523207,0.031729063380843026,0.04381497333619931,0.03403715584467558,0.02563740914127104,0.9334406678592725
cnae9,1080,856,9,0.47650063563874656,19.619724904581172,4.537878090346366,0.17978259449608835,0.02961946927618315,-0.009894847119837407,10.490427993132206,0.8472222222222221,0.8768518518518519,0.9314814814814815,0.950925925925926,0.8916666666666666,0.9527777777777778,5.976229498888116e-05,0.08169151482790073,0.044409281055115074,3.4089210834639445e-05,0.20278242828987544,0.26462710675176027,0.23824245745731024,0.022567330205557404,1.9906853905185753e-05,0.08161775546002488,0.04436918386135699,1.1338195920698804e-05,0.3376189570462795,0.4174793531392364,0.34120660839737105,0.0822382386724952,0.16284678712293402,0.5627558571135023,0.48139111890096126,0.04224385966909573,0.16649572753910785,0.14150107830860553,0.14150107830860553,0.13552463497839745,0.4429994492793784,0.5051019149038753,0.48057692682311065,0.2055750503988869,0.11323440686027512,0.14791712824620432,0.07010668413069422,0.02690974856859039,0.40368562788484763,0.42366266396364505,0.4236173172113923,0.16754980515026532,0.9527777777777778
music_genre_classification,1000,26,10,0.5688248818754353,109.15437596842128,10.122988158913511,0.011655942789545475,0.0064423398945633184,-0.15657279766810417,112.3288547005834,0.308,0.344,0.457,0.32599999999999996,0.507,0.392,0.21011493186561442,0.2241871722983201,0.22143400154859355,0.11567358791423406,0.1887173769678841,0.22140579636875163,0.2200494254126059,0.09582779932583478,0.013311438703135222,0.1047314298606028,0.06755470861732046,0.0003502606879033764,0.19908834960893296,0.2236080275933939,0.20493964520503155,0.09803985740167144,0.16146993636236692,0.23761401624819758,0.23736160661625255,0.06364188800377739,0.17042140576315565,0.17153603313637655,0.12417298602117197,0.16756446340531903,0.204245015416416,0.2265241670706822,0.21981149837077835,0.11353769238248308,0.1908545510861968,0.25160907531706994,0.24513657473848416,0.10238092985884159,0.20046014176128368,0.23959313918725383,0.2382091631011826,0.12878846439361033,0.507
wine_customer,178,13,3,0.7275030363320621,206.6781164482879,1.5154862521642152,0.004784513270347012,0.05241828696911811,0.2000829788282302,2.402737930226747,0.7250793650793651,0.9776190476190475,0.9552380952380952,0.6577777777777778,0.9717460317460318,0.9331746031746032,0.4238068998196488,0.44861872809194037,0.4277493111101406,0.351648969504864,0.43626407148106267,0.46350918452653456,0.44227466849796115,0.3708330215187078,0.36824412775740983,0.39277545459019225,0.39264318674429605,0.29792209195290015,0.4319148104893894,0.44264710792616324,0.4333440759627587,0.3613702358402111,0.36410772257365476,0.3862897682450408,0.38161374238084905,0.2870904224197063,0.411092981565771,0.411092981565771,0.411092981565771,0.3581097929020258,0.42268666427661195,0.4429261280499242,0.4287568597645352,0.37111371823084754,0.33828087633088366,0.4443072081950067,0.42459047554735996,0.35915036321889215,0.4292062386258572,0.435195269830423,0.43519421216392945,0.4024688570753171,0.9776190476190475
epileptic_seizure_recognition,5750,178,5,0.024502212827720138,1.4997618502685246,33.43742984409092,0.0477115801102433,0.00012454345511186618,-0.13891431076948038,2603.926444328106,0.47843478260869565,0.43860869565217386,0.6685217391304348,0.2573913043478261,0.26782608695652177,0.47547826086956524,0.00025293552403605866,0.02102129598524816,0.005154494878432695,1.1173142276397301e-05,0.17778281567116497,0.20626368749515217,0.18112137269797166,0.037826635730223344,0.00025293552403605866,0.02102129598524816,0.005154494878432695,1.1173142276397301e-05,0.15569396343983136,0.215213146640652,0.15628814459338272,0.027210192417334127,0.35279718063516347,0.42121018798945353,0.35809644854248196,0.19052262789599878,0.3454056425842464,0.31796839213710376,0.3454056425842464,0.14451045628220976,0.12728474913451435,0.1602584292164336,0.1664918252512281,0.030272270780358546,0.04219441630346414,0.04088302022413025,0.03531883796224484,0.0031372682967885424,0.017031954280655827,0.019871436223459566,0.019314097102024436,0.008614978032399937,0.6685217391304348
olivetti_faces,400,4096,40,0.6603394982332372,11.871645766896949,1.9821729560108352,0.41027487591756817,0.5537462684134081,0.10557364029973165,1.638531207317827,0.9225,0.915,0.9375,0.9575000000000001,0.9875,0.025,0.6981658287603276,0.8643886443339296,0.8606439531987762,0.5279682975156225,0.6584265581536409,0.8527226374652214,0.847742494775377,0.47151623359251127,0.5685576956154887,0.7810889222770162,0.7809688751095136,0.17765381575871808,0.2623549175253198,0.37051513157262933,0.29788719339097747,0.038514744559315445,3.1116918690644653e-12,0.7846585923698791,0.7621380921273669,0.0,0.7185535767974828,0.7004730791466384,0.7004730791466384,0.7185535767974828,0.6724310941420326,0.8591800060970097,0.8464209204070909,0.5023725493507153,0.2691953562306719,0.37278855426469953,0.31632044540530324,0.05679390073035173,0.5536360773848533,0.783415495941762,0.7800887416533885,0.3973874950219036,0.9875
fraud_detection_bank,20468,112,2,1.573436170684917e-22,38.312729811072955,2.39634149732371,0.0,5.705324371320658e-07,-0.2585125471518648,104.21668150515173,0.8513288800412395,0.7343169931243198,0.7503419220753056,0.7343169931243198,0.8611007080015913,0.7343169931243198,0.0009580758798107037,0.004496761206205722,0.0005686755496003165,-0.00031152244813932334,0.0007863270274782212,0.004419981766716417,0.0010786978463544967,-0.00037374912804370887,0.00010485846829780966,0.002223449425274116,0.00031125606984632744,-0.00012468681010186655,0.00010485846829780963,0.002223449425274116,0.00031125606984632744,0.0,0.00047736344685531394,0.004233412392206441,0.0007485876404242576,0.0,0.010631040245668215,0.010631040245668215,0.010631040245668215,1.2240040425940164e-07,0.012548913143910245,0.01487819428238946,0.012895128661393748,-0.00037374912804370887,0.02324381867110142,0.029120333081752763,0.035833898940044955,-0.0004079517690077611,0.040088676613744836,0.040938368996293335,0.04025569003617569,-0.05357871445205688,0.8611007080015913
mobile_price_classification,2000,20,4,0.9115969321241497,902.0038662317205,1.8441773952462714,0.03473311044622099,0.06604413894423589,0.15072899664602765,0.9252640454609005,0.9345000000000001,0.8089999999999999,0.8859999999999999,0.961,0.9504999999999999,0.9744999999999999,0.5162886141604429,0.5174125542098926,0.5173630897799428,0.45387829106889405,0.4414962512597479,0.44940817578535625,0.4432723712503962,0.3615741479237692,0.003752830160178375,0.03606438596300607,0.015250090345688189,3.7179250948435904e-06,0.5332550665324794,0.5307525695492536,0.5338220648226303,0.5502710763924051,0.009622344994204148,0.4273390274897303,0.30883775641144123,0.0,0.12995673765842147,0.12887376733676478,0.12995673765842147,0.10043448195999224,0.5163611399670155,0.5204989400562781,0.5169464652143849,0.463843170405348,0.4374863986899557,0.44902278061456186,0.434916455261538,0.39401083111203994,0.5252740009222153,0.5294364942158267,0.5258483274427854,0.4837051224836067,0.9744999999999999
world12d,150,12,5,0.15966516041871118,2.8678778535464597,3.1644474781085603,0.006967039422649809,0.0007682188870494291,-0.17354526168555573,74.25420165154364,0.7933333333333334,0.8266666666666668,0.9266666666666667,0.6133333333333334,0.8933333333333333,0.8666666666666668,0.3447440650052353,0.41282303466829184,0.41282171997047906,0.31207762390455884,0.32026597730689754,0.39479798865555055,0.39349726165340654,0.2901023108141451,0.017044388561256653,0.16195566027636973,0.1473035228609293,0.006902092311101381,0.017044388561256653,0.08033617338239545,0.048941358578079124,0.006720186938774157,0.02407831136036887,0.08033617338239545,0.0752231580256044,0.008581446339043345,0.249126433892869,0.248584174875834,0.249126433892869,0.249126433892869,0.3139952826712565,0.3698446253441638,0.3693445740492054,0.29145269540917085,0.32610128600935673,0.40310784057584675,0.3849105359415793,0.25826577812964135,0.5168489292801148,0.5402498864343499,0.5388975767447571,0.4873722149823011,0.9266666666666667
siberian_weather_stats,1439,11,9,0.12251673980219249,6.3808243138370235,14.241523511994538,0.0022652732528161924,0.0006044775228328821,-0.255834745551635,114.30454412021038,0.334284262485482,0.33772502903600465,0.39751742160278747,0.3669231513743709,0.36278794037940376,0.3537650019357336,0.02545595580518457,0.05304075500356663,0.05184023669320183,0.0027356906125087805,0.02812916009961463,0.05786833531477888,0.0560259032577036,0.011220476188713273,0.022084219120202933,0.054897912969889016,0.05294761001836812,-0.00118317863037412,0.013917971399042195,0.019459135537250094,0.01764989478802572,0.0027133820120797962,0.038867621301011325,0.1274544788448015,0.12744201784005194,0.0,0.01908795679806862,0.018047093324522374,0.015084024604439177,0.006132426371316766,0.02977902142955987,0.06257786133914586,0.05979728348344039,-0.0019415624941005155,0.045339219040568986,0.09946318970459755,0.09061673802880053,0.003784596215654787,0.03221385224973554,0.06154909728706872,0.06030492642595673,0.0072608545395424955,0.39751742160278747
statlog_image_segmentation,2310,19,7,0.6888857624105482,359.9263809929031,2.338458936867601,0.11076189383594728,0.002288305588488406,0.14369367285517526,5.578446358842703,0.9627705627705627,0.7965367965367965,0.9757575757575758,0.8796536796536797,0.9155844155844155,0.9281385281385282,0.34394469364721153,0.4400356348625448,0.3499328593507635,0.15298997856086288,0.40582156155554105,0.44418155219660804,0.41297165438311534,0.23035084659796504,0.0034180463131162847,0.049399440551327375,0.020051011438105452,0.00011728066342601055,0.35035885517313214,0.4478081311662933,0.35033185500840786,0.10299594423903131,0.5448612343653275,0.5023606126337583,0.5454299963844148,0.39210521810287413,0.5986595902252267,0.6133233735665086,0.6292313369801336,0.5986595902252267,0.5322923114409506,0.5878211320861494,0.5404704152344314,0.32565163351883275,0.5182008174207846,0.482472513146023,0.5109673963080662,0.2084594966043063,0.5609499220200631,0.5746933841864637,0.5653771636412875,0.42361641623264557,0.9757575757575758
htru2,17898,8,2,0.34346820701869185,1962.9392931369593,1.13191632217954,0.0005850477733220042,0.003234578653716876,0.26153407735207385,0.7584254180662505,0.9729021089814733,0.9440163679814436,0.978712430206621,0.9722316867012882,0.9747459185409614,0.9705551627198383,0.10994149860499072,0.11080301223890257,0.11024884756340916,0.23966607503156112,0.042176183051534255,0.045053082909002555,0.04242311829860526,-0.01790878908544397,1.3255128126682601e-05,0.0012007696617171164,0.00040816888160466746,-0.0002078079945186479,0.052105580052702924,0.05636254549795218,0.017740806460634088,0.05103786464556183,0.03335671938234201,0.038652284176267725,0.036931942433194975,0.07906904357632014,0.1446569795772482,0.1446569795772482,0.1446569795772482,0.14504987003785758,0.1412965882410651,0.17032977603265917,0.14140076766013682,0.10529584736545172,0.13242450665405586,0.19140815729046473,0.1280952145639545,0.06522511489104739,0.15625972676593933,0.19796495256624266,0.1563490780723985,0.08898225629486561,0.978712430206621
sms_spam_collection,835,500,2,0.24006062295063177,10.369455903868513,6.742669399563256,0.0,0.05090077266437927,0.15670254689508092,9.329801445543847,0.9197604790419162,0.977245508982036,0.9676646706586827,0.9652694610778443,0.918562874251497,0.9520958083832335,0.15170786707513523,0.18729219868262514,0.16162329899452038,0.20416954305001273,0.15919640758297002,0.19688390135542594,0.16551519075897983,0.20439679633578672,0.0930876804678704,0.13718178303586018,0.10324545960351642,0.12419312454296301,0.597201081210775,0.5993284979808584,0.5985630922136786,0.7820174094858958,0.09506975258315814,0.26401378784919066,0.1343185751380407,0.036572765621298735,0.08563832744624757,0.07285514758662348,0.08563832744624757,0.08563832744624757,0.02059184703474304,0.10802073374067926,0.03592802503042406,-0.10585902578726272,0.15376072990176323,0.17031800630837896,0.11738710236660946,0.12466274013608189,0.0,0.0,0.0,0.0,0.977245508982036
hate_speech,3221,100,3,0.26962260583388226,25.070447410563794,8.277079360974486,0.0,0.010139561062720525,-0.0025650159754957618,19.448743623257652,0.8332765178872357,0.8481838316722039,0.868054793201406,0.875506283403149,0.8543911599017768,0.8621503201887428,0.0008349022693213829,0.006470146362323462,0.006324339347715145,-0.006234014106700813,0.03750595956884774,0.03985327764208549,0.03982878969300251,0.09996868426460548,0.0010480526919004582,0.012825056945470653,0.0032413516509813708,0.0015582262486713357,0.05432923707263367,0.07679166957828268,0.05595306757500631,0.1478199519237052,0.11212345619328205,0.2598920780937223,0.14645528252306184,0.0893386680147683,0.10283366299011694,0.07210076852240457,0.09669735769226145,0.04179391300472579,0.08417942951914405,0.0986796466798816,0.09168306923791532,-0.016533947840554362,0.07834818886980051,0.08916042032382203,0.07822049674549643,-0.03226099179471877,0.0,0.0,0.0,0.0,0.875506283403149
cardiovascular_study,2927,15,2,0.39897556268455026,53.042160730095624,5.023787060256169,0.00887106353822346,0.0003501106867911121,0.10811287900996547,7.096086617288862,0.8489921530877161,0.8503585076281321,0.8486508561593885,0.8537738105656194,0.846258277179779,0.8455791838044397,0.02463155437478591,0.03602041781778556,0.027898050255575135,0.06230257823866235,0.018371242115097237,0.024884185033948295,0.020896891778980516,0.05867093319910401,0.01414627421308146,0.04438103012472697,0.01748415515378452,0.018690724221460626,0.027175241270008865,0.03765496978951219,0.02600809151103613,0.06651648792618334,0.016621601876719013,0.04411686419752861,0.03187524226097345,0.13142825530625185,0.029656167035979165,0.013113698821215833,0.029656167035979165,0.028133100096115315,0.017164030148777872,0.021018475061299932,0.017928466298218596,0.030315059489051333,0.016965473475252228,0.023809166266917557,0.018664731053360632,0.027793784315644353,0.017007449502083997,0.01921714483414528,0.01746848132217538,0.03184638724207511,0.8537738105656194
fetal_health_classification,2126,21,3,0.6738071272532739,133.437199603126,2.5284829570186385,1.6118151465693746e-08,0.011469480579941847,0.10357513342935666,1.8100340673464979,0.8367776857221763,0.8198630212648439,0.8791217895608948,0.835843137254902,0.8396155758077878,0.8292493786246894,0.1515092892586517,0.15830987836116284,0.1558531984718989,0.0854219244375536,0.10135292583720121,0.11294187422971588,0.10421123027642402,0.08928173967674914,0.020555514404367974,0.06359953653094022,0.024890877692400174,0.019305192062540683,0.16568656570222012,0.1482631556310085,0.14708752679275308,0.1674094801791348,0.16936423669241657,0.15340236813547095,0.21183702641546104,0.23601885127400551,0.15018704672869734,0.15018704672869734,0.15018704672869734,0.1455089716459725,0.14958546459681965,0.17544894989760082,0.1520253550315611,0.0933636532367348,0.12138418287071265,0.21192125572615456,0.1513935876479167,0.07125649727700971,0.12026646094939328,0.1416858113041018,0.12241244774728344,0.037866251455704075,0.8791217895608948
wine_quality,4898,11,7,0.19974495033330192,41.439031285927584,10.310547737374936,0.0040282143327959935,0.00038128283627448416,-0.22482028417529276,247.90503650605496,0.5781922411456921,0.45447061766483915,0.6841583456671739,0.46855975485188966,0.5351191344770798,0.4879583498363595,0.028746886646411462,0.03353869039075385,0.033214508281719776,0.015246320392208584,0.03252894946463614,0.0382174879180592,0.0373754690178595,0.013168436892301207,0.008051511983985255,0.04363600273655088,0.015566948975429155,0.002159426153275306,0.02806162516967604,0.03423081998998393,0.028853717318973023,0.016551131732568537,0.02438903417699913,0.04711575383223033,0.04437272251752677,0.002937938631619148,0.029192580500667642,0.018706053101294258,0.029192580500667642,0.029192580500667642,0.03314649671282598,0.04008640185250197,0.04010786152034692,0.015321840592504628,0.03352060950687384,0.04725875345593243,0.044383230265729254,0.012240261736956314,0.033928055244589264,0.04155944285325039,0.038666785599358294,0.01561861722567948,0.6841583456671739
spectf_heart,80,44,2,0.4124713956612071,7.716800447435288,2.819847893735717,0.145389162199771,0.03378190596551973,0.07986593311465244,2.5269540313797942,0.7375,0.7625,0.7625,0.7375,0.65,0.75,0.07945269607276795,0.12868786230125812,0.12241549104307729,0.019701615850267713,0.08123609716694967,0.16469178636743015,0.16456735004319734,0.07315476950581026,0.003593604075958315,0.09431589802949886,0.08838016434899415,0.0063484505812800044,0.18850228903760824,0.20779499969696288,0.20738928905939386,0.13464056462172264,0.24939916870074744,0.3993001420123974,0.2740879413902014,0.32209215681561426,0.22095150067023864,0.22095150067023864,0.21230938541397185,0.22095150067023864,0.23341863215435357,0.2469414849464827,0.2420370174162751,0.1401740135486564,0.1716255923639489,0.20559162115656737,0.17737545670692845,0.045655861662319566,0.02667136306806179,0.05421015770803396,0.05063298287486072,0.005079498177830812,0.7625
